<?xml version="1.0" encoding="UTF-8"?>

<Bundle xmlns="http://hl7.org/fhir">
  <id value="BuprenorSTADA-10perh-Transderm-SE-BS"/>
  <type value="batch"/>
  <entry>
    <fullUrl value="{$base}/MedicinalProductDefinition/BuprenorSTADA-10perh-Transderm-SE-BS-MedicinalProductDefinition"/>
    <resource>
      <MedicinalProductDefinition>
        <id value="BuprenorSTADA-10perh-Transderm-SE-BS-MedicinalProductDefinition"/>
        <text>
          <status value="generated"/><div xmlns="http://www.w3.org/1999/xhtml"><p><b>Generated Narrative: MedicinalProductDefinition</b><a name="BuprenorSTADA-10perh-Transderm-SE-BS-MedicinalProductDefinition"> </a></p><div style="display: inline-block; background-color: #d9e0e7; padding: 6px; margin: 4px; border: 1px solid #8da1b4; border-radius: 5px; line-height: 60%"><p style="margin-bottom: 0px">Resource MedicinalProductDefinition &quot;BuprenorSTADA-10perh-Transderm-SE-BS-MedicinalProductDefinition&quot; </p></div><p><b>identifier</b>: id: SE-100000843-00052810, id: 459</p><p><b>domain</b>: Human use <span style="background: LightGoldenRodYellow; margin: 4px; border: 1px solid khaki"> (100000000004#100000000012)</span></p><p><b>status</b>: Current <span style="background: LightGoldenRodYellow; margin: 4px; border: 1px solid khaki"> (200000005003#200000005004)</span></p><p><b>indication</b>: Behandling av icke maligna smärtor av måttlig intensitet när en opiod krävs för att uppnå tillräcklig smärtlindring.  Buprenorphine Stada är inte lämpligt för behandling av akuta smärttillstånd.  Buprenorphine Stada är avsett för vuxna.</p><p><b>legalStatusOfSupply</b>: Medicinal product subject to special medical prescription <span style="background: LightGoldenRodYellow; margin: 4px; border: 1px solid khaki"> (100000072051#100000072085)</span></p><p><b>classification</b>: N02AE01 <span style="background: LightGoldenRodYellow; margin: 4px; border: 1px solid khaki"> (100000093533#100000097250)</span></p><blockquote><p><b>name</b></p><p><b>productName</b>: Buprenorphine STADA 10 mikrogram/timme depotplåster</p><blockquote><p><b>namePart</b></p><p><b>part</b>: Buprenorphine STADA</p><p><b>type</b>: Scientific name part <span style="background: LightGoldenRodYellow; margin: 4px; border: 1px solid khaki"> (220000000000#220000000003)</span></p></blockquote><blockquote><p><b>namePart</b></p><p><b>part</b>: 10 mikrogram/timme</p><p><b>type</b>: Strength part <span style="background: LightGoldenRodYellow; margin: 4px; border: 1px solid khaki"> (220000000000#220000000004)</span></p></blockquote><blockquote><p><b>namePart</b></p><p><b>part</b>: Depotplåster</p><p><b>type</b>: Pharmaceutical dose form part <span style="background: LightGoldenRodYellow; margin: 4px; border: 1px solid khaki"> (220000000000#220000000005)</span></p></blockquote><h3>CountryLanguages</h3><table class="grid"><tr><td>-</td><td><b>Country</b></td><td><b>Language</b></td></tr><tr><td>*</td><td>Sweden <span style="background: LightGoldenRodYellow; margin: 4px; border: 1px solid khaki"> (100000000002#100000000535)</span></td><td>Swedish <span style="background: LightGoldenRodYellow; margin: 4px; border: 1px solid khaki"> (100000072057#100000072288)</span></td></tr></table></blockquote></div>
        </text>
        <extension url="http://ema.europa.eu/fhir/extension/authorisedDoseForm">
          <valueCoding>
            <system value="http://spor.ema.europa.eu/v1/lists/200000000004~200000000006~200000000007~200000000008"/>
            <code value="100000073741"/>
            <display value="Transdermal patch"/>
          </valueCoding>
        </extension>
        <identifier>
          <system value="http://ema.europa.eu/fhir/mpId"/>
          <value value="SE-100000843-00052810"/>
        </identifier>
        <identifier>
          <system value="http://ema.europa.eu/fhir/eurdId"/>
          <value value="459"/>
        </identifier>
        <domain>
          <coding>
            <system value="http://spor.ema.europa.eu/v1/lists/100000000004"/>
            <code value="100000000012"/>
            <display value="Human use"/>
          </coding>
        </domain>
        <status>
          <coding>
            <system value="http://spor.ema.europa.eu/v1/lists/200000005003"/>
            <code value="200000005004"/>
            <display value="Current"/>
          </coding>
        </status>
        <indication value="Behandling av icke maligna smärtor av måttlig intensitet när en opiod krävs för att uppnå tillräcklig smärtlindring.  Buprenorphine Stada är inte lämpligt för behandling av akuta smärttillstånd.  Buprenorphine Stada är avsett för vuxna."/>
        <legalStatusOfSupply>
          <coding>
            <system value="http://spor.ema.europa.eu/v1/lists/100000072051"/>
            <code value="100000072085"/>
            <display value="Medicinal product subject to special medical prescription"/>
          </coding>
        </legalStatusOfSupply>
        <classification>
          <coding>
            <system value="http://spor.ema.europa.eu/v1/lists/100000093533"/>
            <code value="100000097250"/>
            <display value="N02AE01"/>
          </coding>
        </classification>
        <name>
          <productName value="Buprenorphine STADA 10 mikrogram/timme depotplåster"/>
          <namePart>
            <part value="Buprenorphine STADA"/>
            <type>
              <coding>
                <system value="http://spor.ema.europa.eu/v1/lists/220000000000"/>
                <code value="220000000003"/>
                <display value="Scientific name part"/>
              </coding>
            </type>
          </namePart>
          <namePart>
            <part value="10 mikrogram/timme"/>
            <type>
              <coding>
                <system value="http://spor.ema.europa.eu/v1/lists/220000000000"/>
                <code value="220000000004"/>
                <display value="Strength part"/>
              </coding>
            </type>
          </namePart>
          <namePart>
            <part value="Depotplåster"/>
            <type>
              <coding>
                <system value="http://spor.ema.europa.eu/v1/lists/220000000000"/>
                <code value="220000000005"/>
                <display value="Pharmaceutical dose form part"/>
              </coding>
            </type>
          </namePart>
          <countryLanguage>
            <country>
              <coding>
                <system value="http://spor.ema.europa.eu/v1/lists/100000000002"/>
                <code value="100000000535"/>
                <display value="Sweden"/>
              </coding>
            </country>
            <language>
              <coding>
                <system value="http://spor.ema.europa.eu/v1/lists/100000072057"/>
                <code value="100000072288"/>
                <display value="Swedish"/>
              </coding>
            </language>
          </countryLanguage>
        </name>
      </MedicinalProductDefinition>
    </resource>
    <request>
      <method value="POST"/>
      <url value="MedicinalProductDefinition/BuprenorSTADA-10perh-Transderm-SE-BS-MedicinalProductDefinition"/>
    </request>
  </entry>
  <entry>
    <fullUrl value="{$base}/RegulatedAuthorization/BuprenorSTADA-10perh-Transderm-SE-BS-RegulatedAuthorization"/>
    <resource>
      <RegulatedAuthorization>
        <id value="BuprenorSTADA-10perh-Transderm-SE-BS-RegulatedAuthorization"/>
        <text>
          <status value="generated"/><div xmlns="http://www.w3.org/1999/xhtml"><p><b>Generated Narrative: RegulatedAuthorization</b><a name="BuprenorSTADA-10perh-Transderm-SE-BS-RegulatedAuthorization"> </a></p><div style="display: inline-block; background-color: #d9e0e7; padding: 6px; margin: 4px; border: 1px solid #8da1b4; border-radius: 5px; line-height: 60%"><p style="margin-bottom: 0px">Resource RegulatedAuthorization &quot;BuprenorSTADA-10perh-Transderm-SE-BS-RegulatedAuthorization&quot; </p></div><p><b>identifier</b>: id: 52810</p><p><b>subject</b>: <a href="#MedicinalProductDefinition_BuprenorSTADA-10perh-Transderm-SE-BS-MedicinalProductDefinition">See above (MedicinalProductDefinition/BuprenorSTADA-10perh-Transderm-SE-BS-MedicinalProductDefinition)</a></p><p><b>type</b>: Marketing Authorisation <span style="background: LightGoldenRodYellow; margin: 4px; border: 1px solid khaki"> (220000000060#220000000061)</span></p><p><b>region</b>: Sweden <span style="background: LightGoldenRodYellow; margin: 4px; border: 1px solid khaki"> (100000000002#100000000535)</span></p><p><b>status</b>: Valid <span style="background: LightGoldenRodYellow; margin: 4px; border: 1px solid khaki"> (100000072049#100000072099)</span></p><p><b>statusDate</b>: 2016-06-30</p><p><b>holder</b>: <span>: STADA Arzneimittel AG</span></p><h3>Cases</h3><table class="grid"><tr><td>-</td><td><b>Type</b></td><td><b>Date[x]</b></td></tr><tr><td>*</td><td>First Authorisation <span style="background: LightGoldenRodYellow; margin: 4px; border: 1px solid khaki"> (authorisationDateType#dateOfFirstAuthorisation)</span></td><td>2016-06-30</td></tr></table></div>
        </text>
        <identifier>
          <system value="http://ema.europa.eu/fhir/MarketingAuthorizationNumber"/>
          <value value="52810"/>
        </identifier>
        <subject>
          <reference value="MedicinalProductDefinition/BuprenorSTADA-10perh-Transderm-SE-BS-MedicinalProductDefinition"/>
        </subject>
        <type>
          <coding>
            <system value="http://spor.ema.europa.eu/v1/lists/220000000060"/>
            <code value="220000000061"/>
            <display value="Marketing Authorisation"/>
          </coding>
        </type>
        <region>
          <coding>
            <system value="http://spor.ema.europa.eu/v1/lists/100000000002"/>
            <code value="100000000535"/>
            <display value="Sweden"/>
          </coding>
        </region>
        <status>
          <coding>
            <system value="http://spor.ema.europa.eu/v1/lists/100000072049"/>
            <code value="100000072099"/>
            <display value="Valid"/>
          </coding>
        </status>
        <statusDate value="2016-06-30"/>
        <holder>
          <identifier>
            <system value="https://spor.ema.europa.eu/v1/locations"/>
            <value value="LOC-100001022"/>
          </identifier>
          <display value="STADA Arzneimittel AG"/>
        </holder>
        <case>
          <type>
            <coding>
              <system value="http://ema.europa.eu/fhir/authorisationDateType"/>
              <code value="dateOfFirstAuthorisation"/>
              <display value="First Authorisation"/>
            </coding>
          </type>
          <dateDateTime value="2016-06-30"/>
        </case>
      </RegulatedAuthorization>
    </resource>
    <request>
      <method value="POST"/>
      <url value="RegulatedAuthorization/BuprenorSTADA-10perh-Transderm-SE-BS-RegulatedAuthorization"/>
    </request>
  </entry>
  <entry>
    <fullUrl value="{$base}/AdministrableProductDefinition/BuprenorSTADA-10perh-Transderm-SE-BS-AdministrableProductDef"/>
    <resource>
      <AdministrableProductDefinition>
        <id value="BuprenorSTADA-10perh-Transderm-SE-BS-AdministrableProductDef"/>
        <text>
          <status value="generated"/><div xmlns="http://www.w3.org/1999/xhtml"><p><b>Generated Narrative: AdministrableProductDefinition</b><a name="BuprenorSTADA-10perh-Transderm-SE-BS-AdministrableProductDef"> </a></p><div style="display: inline-block; background-color: #d9e0e7; padding: 6px; margin: 4px; border: 1px solid #8da1b4; border-radius: 5px; line-height: 60%"><p style="margin-bottom: 0px">Resource AdministrableProductDefinition &quot;BuprenorSTADA-10perh-Transderm-SE-BS-AdministrableProductDef&quot; </p></div><p><b>status</b>: active</p><p><b>formOf</b>: <a href="#MedicinalProductDefinition_BuprenorSTADA-10perh-Transderm-SE-BS-MedicinalProductDefinition">See above (MedicinalProductDefinition/BuprenorSTADA-10perh-Transderm-SE-BS-MedicinalProductDefinition)</a></p><p><b>administrableDoseForm</b>: Transdermal patch <span style="background: LightGoldenRodYellow; margin: 4px; border: 1px solid khaki"> (200000000004#100000073741)</span></p><p><b>producedFrom</b>: <a href="#ManufacturedItemDefinition_BuprenorSTADA-10perh-Transderm-SE-BS-ManufacturedItemDefinition">See above (ManufacturedItemDefinition/BuprenorSTADA-10perh-Transderm-SE-BS-ManufacturedItemDefinition)</a></p><h3>RouteOfAdministrations</h3><table class="grid"><tr><td>-</td><td><b>Code</b></td></tr><tr><td>*</td><td>Transdermal use <span style="background: LightGoldenRodYellow; margin: 4px; border: 1px solid khaki"> (100000073345#100000073637)</span></td></tr></table></div>
        </text>
        <status value="active"/>
        <formOf>
          <reference value="MedicinalProductDefinition/BuprenorSTADA-10perh-Transderm-SE-BS-MedicinalProductDefinition"/>
        </formOf>
        <administrableDoseForm>
          <coding>
            <system value="http://spor.ema.europa.eu/v1/lists/200000000004"/>
            <code value="100000073741"/>
            <display value="Transdermal patch"/>
          </coding>
        </administrableDoseForm>
        <producedFrom>
          <reference value="ManufacturedItemDefinition/BuprenorSTADA-10perh-Transderm-SE-BS-ManufacturedItemDefinition"/>
        </producedFrom>
        <routeOfAdministration>
          <code>
            <coding>
              <system value="http://spor.ema.europa.eu/v1/lists/100000073345"/>
              <code value="100000073637"/>
              <display value="Transdermal use"/>
            </coding>
          </code>
        </routeOfAdministration>
      </AdministrableProductDefinition>
    </resource>
    <request>
      <method value="POST"/>
      <url value="AdministrableProductDefinition/BuprenorSTADA-10perh-Transderm-SE-BS-AdministrableProductDef"/>
    </request>
  </entry>
  <entry>
    <fullUrl value="{$base}/PackagedProductDefinition/BuprenorSTADA-10perh-Transderm-SE-BS-PackagedProductDefinition"/>
    <resource>
      <PackagedProductDefinition>
        <id value="BuprenorSTADA-10perh-Transderm-SE-BS-PackagedProductDefinition"/>
        <text>
          <status value="generated"/><div xmlns="http://www.w3.org/1999/xhtml"><p><b>Generated Narrative: PackagedProductDefinition</b><a name="BuprenorSTADA-10perh-Transderm-SE-BS-PackagedProductDefinition"> </a></p><div style="display: inline-block; background-color: #d9e0e7; padding: 6px; margin: 4px; border: 1px solid #8da1b4; border-radius: 5px; line-height: 60%"><p style="margin-bottom: 0px">Resource PackagedProductDefinition &quot;BuprenorSTADA-10perh-Transderm-SE-BS-PackagedProductDefinition&quot; </p></div><p><b>packageFor</b>: <a href="#MedicinalProductDefinition_BuprenorSTADA-10perh-Transderm-SE-BS-MedicinalProductDefinition">See above (MedicinalProductDefinition/BuprenorSTADA-10perh-Transderm-SE-BS-MedicinalProductDefinition)</a></p><p><b>description</b>: Påse, 12 x 1 plåster</p><h3>MarketingStatuses</h3><table class="grid"><tr><td>-</td><td><b>Country</b></td><td><b>Status</b></td></tr><tr><td>*</td><td>Sweden <span style="background: LightGoldenRodYellow; margin: 4px; border: 1px solid khaki"> (100000000002#100000000535)</span></td><td>Marketed <span style="background: LightGoldenRodYellow; margin: 4px; border: 1px solid khaki"> (100000072052#100000072083)</span></td></tr></table><blockquote><p><b>package</b></p><p><b>type</b>: Box <span style="background: LightGoldenRodYellow; margin: 4px; border: 1px solid khaki"> (100000073346#100000073498)</span></p><p><b>quantity</b>: 1</p><p><b>material</b>: Cardboard <span style="background: LightGoldenRodYellow; margin: 4px; border: 1px solid khaki"> (200000003199#200000003529)</span></p><blockquote><p><b>package</b></p><p><b>type</b>: Sachet <span style="background: LightGoldenRodYellow; margin: 4px; border: 1px solid khaki"> (100000073346#100000073547)</span></p><p><b>quantity</b>: 12</p><p><b>material</b>: PolyEthylene TerePhthalate <span style="background: LightGoldenRodYellow; margin: 4px; border: 1px solid khaki"> (200000003199#200000003217; 200000003199#200000003207 &quot;Paper&quot;; 200000003199#200000003214 &quot;PolyEthylene&quot;; 200000003199#200000003200 &quot;Aluminium&quot;; 200000003199#200000012515 &quot;Ethylene acrylic acid copolymer&quot;)</span></p></blockquote></blockquote></div>
        </text>
        <extension url="http://ema.europa.eu/fhir/extension/containedItemQuantity">
          <valueQuantity>
            <value value="12"/>
            <unit value="Patch"/>
            <system value="http://spor.ema.europa.eu/v1/lists/200000000014"/>
            <code value="200000002134"/>
          </valueQuantity>
        </extension>
        <packageFor>
          <reference value="MedicinalProductDefinition/BuprenorSTADA-10perh-Transderm-SE-BS-MedicinalProductDefinition"/>
        </packageFor>
        <description value="Påse, 12 x 1 plåster">
          <extension url="http://ema.europa.eu/fhir/extension/language">
            <valueCoding>
              <system value="http://spor.ema.europa.eu/v1/lists/100000072057"/>
              <code value="100000072288"/>
              <display value="Swedish"/>
            </valueCoding>
          </extension>
        </description>
        <marketingStatus>
          <country>
            <coding>
              <system value="http://spor.ema.europa.eu/v1/lists/100000000002"/>
              <code value="100000000535"/>
              <display value="Sweden"/>
            </coding>
          </country>
          <status>
            <coding>
              <system value="http://spor.ema.europa.eu/v1/lists/100000072052"/>
              <code value="100000072083"/>
              <display value="Marketed"/>
            </coding>
          </status>
        </marketingStatus>
        <package>
          <type>
            <coding>
              <system value="http://spor.ema.europa.eu/v1/lists/100000073346"/>
              <code value="100000073498"/>
              <display value="Box"/>
            </coding>
          </type>
          <quantity value="1"/>
          <material>
            <coding>
              <system value="http://spor.ema.europa.eu/v1/lists/200000003199"/>
              <code value="200000003529"/>
              <display value="Cardboard"/>
            </coding>
          </material>
          <package>
            <type>
              <coding>
                <system value="http://spor.ema.europa.eu/v1/lists/100000073346"/>
                <code value="100000073547"/>
                <display value="Sachet"/>
              </coding>
            </type>
            <quantity value="12"/>
            <material>
              <coding>
                <system value="http://spor.ema.europa.eu/v1/lists/200000003199"/>
                <code value="200000003217"/>
                <display value="PolyEthylene TerePhthalate"/>
              </coding>
              <coding>
                <system value="http://spor.ema.europa.eu/v1/lists/200000003199"/>
                <code value="200000003207"/>
                <display value="Paper"/>
              </coding>
              <coding>
                <system value="http://spor.ema.europa.eu/v1/lists/200000003199"/>
                <code value="200000003214"/>
                <display value="PolyEthylene"/>
              </coding>
              <coding>
                <system value="http://spor.ema.europa.eu/v1/lists/200000003199"/>
                <code value="200000003200"/>
                <display value="Aluminium"/>
              </coding>
              <coding>
                <system value="http://spor.ema.europa.eu/v1/lists/200000003199"/>
                <code value="200000012515"/>
                <display value="Ethylene acrylic acid copolymer"/>
              </coding>
            </material>
            <containedItem>
              <item>
                <reference>
                  <reference value="ManufacturedItemDefinition/BuprenorSTADA-10perh-Transderm-SE-BS-ManufacturedItemDefinition"/>
                </reference>
              </item>
              <amount>
                <value value="1"/>
                <unit value="Patch"/>
                <system value="http://spor.ema.europa.eu/v1/lists/100000110633~200000000014"/>
                <code value="200000002134"/>
              </amount>
            </containedItem>
          </package>
        </package>
      </PackagedProductDefinition>
    </resource>
    <request>
      <method value="POST"/>
      <url value="PackagedProductDefinition/BuprenorSTADA-10perh-Transderm-SE-BS-PackagedProductDefinition"/>
    </request>
  </entry>
  <entry>
    <fullUrl value="{$base}/PackagedProductDefinition/BuprenorSTADA-10perh-Transderm-SE-BS-PackagedProductDef-02"/>
    <resource>
      <PackagedProductDefinition>
        <id value="BuprenorSTADA-10perh-Transderm-SE-BS-PackagedProductDef-02"/>
        <text>
          <status value="generated"/><div xmlns="http://www.w3.org/1999/xhtml"><p><b>Generated Narrative: PackagedProductDefinition</b><a name="BuprenorSTADA-10perh-Transderm-SE-BS-PackagedProductDef-02"> </a></p><div style="display: inline-block; background-color: #d9e0e7; padding: 6px; margin: 4px; border: 1px solid #8da1b4; border-radius: 5px; line-height: 60%"><p style="margin-bottom: 0px">Resource PackagedProductDefinition &quot;BuprenorSTADA-10perh-Transderm-SE-BS-PackagedProductDef-02&quot; </p></div><p><b>packageFor</b>: <a href="#MedicinalProductDefinition_BuprenorSTADA-10perh-Transderm-SE-BS-MedicinalProductDefinition">See above (MedicinalProductDefinition/BuprenorSTADA-10perh-Transderm-SE-BS-MedicinalProductDefinition)</a></p><p><b>description</b>: Påse, 4 x 1 plåster</p><h3>MarketingStatuses</h3><table class="grid"><tr><td>-</td><td><b>Country</b></td><td><b>Status</b></td></tr><tr><td>*</td><td>Sweden <span style="background: LightGoldenRodYellow; margin: 4px; border: 1px solid khaki"> (100000000002#100000000535)</span></td><td>Marketed <span style="background: LightGoldenRodYellow; margin: 4px; border: 1px solid khaki"> (100000072052#100000072083)</span></td></tr></table><blockquote><p><b>package</b></p><p><b>type</b>: Box <span style="background: LightGoldenRodYellow; margin: 4px; border: 1px solid khaki"> (100000073346#100000073498)</span></p><p><b>quantity</b>: 1</p><p><b>material</b>: Cardboard <span style="background: LightGoldenRodYellow; margin: 4px; border: 1px solid khaki"> (200000003199#200000003529)</span></p><blockquote><p><b>package</b></p><p><b>type</b>: Sachet <span style="background: LightGoldenRodYellow; margin: 4px; border: 1px solid khaki"> (100000073346#100000073547)</span></p><p><b>quantity</b>: 4</p><p><b>material</b>: PolyEthylene TerePhthalate <span style="background: LightGoldenRodYellow; margin: 4px; border: 1px solid khaki"> (200000003199#200000003217; 200000003199#200000003207 &quot;Paper&quot;; 200000003199#200000003214 &quot;PolyEthylene&quot;; 200000003199#200000003200 &quot;Aluminium&quot;; 200000003199#200000012515 &quot;Ethylene acrylic acid copolymer&quot;)</span></p></blockquote></blockquote></div>
        </text>
        <extension url="http://ema.europa.eu/fhir/extension/containedItemQuantity">
          <valueQuantity>
            <value value="4"/>
            <unit value="Patch"/>
            <system value="http://spor.ema.europa.eu/v1/lists/200000000014"/>
            <code value="200000002134"/>
          </valueQuantity>
        </extension>
        <packageFor>
          <reference value="MedicinalProductDefinition/BuprenorSTADA-10perh-Transderm-SE-BS-MedicinalProductDefinition"/>
        </packageFor>
        <description value="Påse, 4 x 1 plåster">
          <extension url="http://ema.europa.eu/fhir/extension/language">
            <valueCoding>
              <system value="http://spor.ema.europa.eu/v1/lists/100000072057"/>
              <code value="100000072288"/>
              <display value="Swedish"/>
            </valueCoding>
          </extension>
        </description>
        <marketingStatus>
          <country>
            <coding>
              <system value="http://spor.ema.europa.eu/v1/lists/100000000002"/>
              <code value="100000000535"/>
              <display value="Sweden"/>
            </coding>
          </country>
          <status>
            <coding>
              <system value="http://spor.ema.europa.eu/v1/lists/100000072052"/>
              <code value="100000072083"/>
              <display value="Marketed"/>
            </coding>
          </status>
        </marketingStatus>
        <package>
          <type>
            <coding>
              <system value="http://spor.ema.europa.eu/v1/lists/100000073346"/>
              <code value="100000073498"/>
              <display value="Box"/>
            </coding>
          </type>
          <quantity value="1"/>
          <material>
            <coding>
              <system value="http://spor.ema.europa.eu/v1/lists/200000003199"/>
              <code value="200000003529"/>
              <display value="Cardboard"/>
            </coding>
          </material>
          <package>
            <type>
              <coding>
                <system value="http://spor.ema.europa.eu/v1/lists/100000073346"/>
                <code value="100000073547"/>
                <display value="Sachet"/>
              </coding>
            </type>
            <quantity value="4"/>
            <material>
              <coding>
                <system value="http://spor.ema.europa.eu/v1/lists/200000003199"/>
                <code value="200000003217"/>
                <display value="PolyEthylene TerePhthalate"/>
              </coding>
              <coding>
                <system value="http://spor.ema.europa.eu/v1/lists/200000003199"/>
                <code value="200000003207"/>
                <display value="Paper"/>
              </coding>
              <coding>
                <system value="http://spor.ema.europa.eu/v1/lists/200000003199"/>
                <code value="200000003214"/>
                <display value="PolyEthylene"/>
              </coding>
              <coding>
                <system value="http://spor.ema.europa.eu/v1/lists/200000003199"/>
                <code value="200000003200"/>
                <display value="Aluminium"/>
              </coding>
              <coding>
                <system value="http://spor.ema.europa.eu/v1/lists/200000003199"/>
                <code value="200000012515"/>
                <display value="Ethylene acrylic acid copolymer"/>
              </coding>
            </material>
            <containedItem>
              <item>
                <reference>
                  <reference value="ManufacturedItemDefinition/BuprenorSTADA-10perh-Transderm-SE-BS-ManufacturedItemDefinition"/>
                </reference>
              </item>
              <amount>
                <value value="1"/>
                <unit value="Patch"/>
                <system value="http://spor.ema.europa.eu/v1/lists/100000110633~200000000014"/>
                <code value="200000002134"/>
              </amount>
            </containedItem>
          </package>
        </package>
      </PackagedProductDefinition>
    </resource>
    <request>
      <method value="POST"/>
      <url value="PackagedProductDefinition/BuprenorSTADA-10perh-Transderm-SE-BS-PackagedProductDef-02"/>
    </request>
  </entry>
  <entry>
    <fullUrl value="{$base}/ManufacturedItemDefinition/BuprenorSTADA-10perh-Transderm-SE-BS-ManufacturedItemDefinition"/>
    <resource>
      <ManufacturedItemDefinition>
        <id value="BuprenorSTADA-10perh-Transderm-SE-BS-ManufacturedItemDefinition"/>
        <text>
          <status value="generated"/><div xmlns="http://www.w3.org/1999/xhtml"><p><b>Generated Narrative: ManufacturedItemDefinition</b><a name="BuprenorSTADA-10perh-Transderm-SE-BS-ManufacturedItemDefinition"> </a></p><div style="display: inline-block; background-color: #d9e0e7; padding: 6px; margin: 4px; border: 1px solid #8da1b4; border-radius: 5px; line-height: 60%"><p style="margin-bottom: 0px">Resource ManufacturedItemDefinition &quot;BuprenorSTADA-10perh-Transderm-SE-BS-ManufacturedItemDefinition&quot; </p></div><p><b>status</b>: active</p><p><b>manufacturedDoseForm</b>: Transdermal patch <span style="background: LightGoldenRodYellow; margin: 4px; border: 1px solid khaki"> (200000000004#100000073741)</span></p><p><b>unitOfPresentation</b>: Patch <span style="background: LightGoldenRodYellow; margin: 4px; border: 1px solid khaki"> (200000000014#200000002134)</span></p></div>
        </text>
        <status value="active"/>
        <manufacturedDoseForm>
          <coding>
            <system value="http://spor.ema.europa.eu/v1/lists/200000000004"/>
            <code value="100000073741"/>
            <display value="Transdermal patch"/>
          </coding>
        </manufacturedDoseForm>
        <unitOfPresentation>
          <coding>
            <system value="http://spor.ema.europa.eu/v1/lists/200000000014"/>
            <code value="200000002134"/>
            <display value="Patch"/>
          </coding>
        </unitOfPresentation>
      </ManufacturedItemDefinition>
    </resource>
    <request>
      <method value="POST"/>
      <url value="ManufacturedItemDefinition/BuprenorSTADA-10perh-Transderm-SE-BS-ManufacturedItemDefinition"/>
    </request>
  </entry>
  <entry>
    <fullUrl value="{$base}/Ingredient/BuprenorSTADA-10perh-Transderm-SE-BS-Ingredient"/>
    <resource>
      <Ingredient>
        <id value="BuprenorSTADA-10perh-Transderm-SE-BS-Ingredient"/>
        <text>
          <status value="generated"/><div xmlns="http://www.w3.org/1999/xhtml"><p><b>Generated Narrative: Ingredient</b><a name="BuprenorSTADA-10perh-Transderm-SE-BS-Ingredient"> </a></p><div style="display: inline-block; background-color: #d9e0e7; padding: 6px; margin: 4px; border: 1px solid #8da1b4; border-radius: 5px; line-height: 60%"><p style="margin-bottom: 0px">Resource Ingredient &quot;BuprenorSTADA-10perh-Transderm-SE-BS-Ingredient&quot; </p></div><p><b>status</b>: active</p><p><b>for</b>: </p><ul><li><a href="#MedicinalProductDefinition_BuprenorSTADA-10perh-Transderm-SE-BS-MedicinalProductDefinition">See above (MedicinalProductDefinition/BuprenorSTADA-10perh-Transderm-SE-BS-MedicinalProductDefinition)</a></li><li><a href="#ManufacturedItemDefinition_BuprenorSTADA-10perh-Transderm-SE-BS-ManufacturedItemDefinition">See above (ManufacturedItemDefinition/BuprenorSTADA-10perh-Transderm-SE-BS-ManufacturedItemDefinition)</a></li><li><a href="#AdministrableProductDefinition_BuprenorSTADA-10perh-Transderm-SE-BS-AdministrableProductDef">See above (AdministrableProductDefinition/BuprenorSTADA-10perh-Transderm-SE-BS-AdministrableProductDef)</a></li></ul><p><b>role</b>: Active <span style="background: LightGoldenRodYellow; margin: 4px; border: 1px solid khaki"> (100000072050#100000072072)</span></p><blockquote><p><b>substance</b></p><h3>Codes</h3><table class="grid"><tr><td>-</td><td><b>Concept</b></td></tr><tr><td>*</td><td>Buprenorphine <span style="background: LightGoldenRodYellow; margin: 4px; border: 1px solid khaki"> (SubstanceDefinition#100000085263)</span></td></tr></table><blockquote><p><b>strength</b></p><p><b>presentation</b>: 10 microgram(s)/hour<span style="background: LightGoldenRodYellow"> (Details: http://spor.ema.europa.eu/v1/lists/100000110633 code 100000166092 = '100000166092')</span>/1 patch<span style="background: LightGoldenRodYellow"> (Details: http://spor.ema.europa.eu/v1/lists/200000000014 code 200000002134 = '200000002134')</span></p><blockquote><p><b>referenceStrength</b></p><h3>Substances</h3><table class="grid"><tr><td>-</td><td><b>Concept</b></td></tr><tr><td>*</td><td>Buprenorphine <span style="background: LightGoldenRodYellow; margin: 4px; border: 1px solid khaki"> (SubstanceDefinition#100000085263)</span></td></tr></table><p><b>strength</b>: 10 microgram(s)/hour<span style="background: LightGoldenRodYellow"> (Details: https://spor.ema.europa.eu/v1/lists/100000110633 code 100000166092 = '100000166092')</span>/1 patch<span style="background: LightGoldenRodYellow"> (Details: http://spor.ema.europa.eu/v1/lists/200000000014 code 200000002134 = '200000002134')</span></p></blockquote></blockquote></blockquote></div>
        </text>
        <status value="active"/>
        <for>
          <reference value="MedicinalProductDefinition/BuprenorSTADA-10perh-Transderm-SE-BS-MedicinalProductDefinition"/>
        </for>
        <for>
          <reference value="ManufacturedItemDefinition/BuprenorSTADA-10perh-Transderm-SE-BS-ManufacturedItemDefinition"/>
        </for>
        <for>
          <reference value="AdministrableProductDefinition/BuprenorSTADA-10perh-Transderm-SE-BS-AdministrableProductDef"/>
        </for>
        <role>
          <coding>
            <system value="http://spor.ema.europa.eu/v1/lists/100000072050"/>
            <code value="100000072072"/>
            <display value="Active"/>
          </coding>
        </role>
        <substance>
          <code>
            <concept>
              <coding>
                <system value="https://spor.ema.europa.eu/v2/SubstanceDefinition"/>
                <code value="100000085263"/>
                <display value="Buprenorphine"/>
              </coding>
            </concept>
          </code>
          <strength>
            <presentationRatio>
              <numerator>
                <value value="10"/>
                <unit value="microgram(s)/hour"/>
                <system value="http://spor.ema.europa.eu/v1/lists/100000110633"/>
                <code value="100000166092"/>
              </numerator>
              <denominator>
                <value value="1"/>
                <unit value="patch"/>
                <system value="http://spor.ema.europa.eu/v1/lists/200000000014"/>
                <code value="200000002134"/>
              </denominator>
            </presentationRatio>
            <referenceStrength>
              <substance>
                <concept>
                  <coding>
                    <system value="https://spor.ema.europa.eu/v2/SubstanceDefinition"/>
                    <code value="100000085263"/>
                    <display value="Buprenorphine"/>
                  </coding>
                </concept>
              </substance>
              <strengthRatio>
                <numerator>
                  <value value="10"/>
                  <unit value="microgram(s)/hour"/>
                  <system value="https://spor.ema.europa.eu/v1/lists/100000110633"/>
                  <code value="100000166092"/>
                </numerator>
                <denominator>
                  <value value="1"/>
                  <unit value="patch"/>
                  <system value="http://spor.ema.europa.eu/v1/lists/200000000014"/>
                  <code value="200000002134"/>
                </denominator>
              </strengthRatio>
            </referenceStrength>
          </strength>
        </substance>
      </Ingredient>
    </resource>
    <request>
      <method value="POST"/>
      <url value="Ingredient/BuprenorSTADA-10perh-Transderm-SE-BS-Ingredient"/>
    </request>
  </entry>
</Bundle>