<?xml version="1.0" encoding="UTF-8"?>

<AdministrableProductDefinition xmlns="http://hl7.org/fhir">
  <id value="CanifugCremolum-10mg1g-Cream-EE-APD"/>
  <meta>
    <profile value="http://unicom-project.eu/fhir/StructureDefinition/PPLAdministrableProductDefinition"/>
  </meta>
  <text>
    <status value="generated"/><div xmlns="http://www.w3.org/1999/xhtml"><p><b>Generated Narrative: AdministrableProductDefinition</b><a name="CanifugCremolum-10mg1g-Cream-EE-APD"> </a></p><div style="display: inline-block; background-color: #d9e0e7; padding: 6px; margin: 4px; border: 1px solid #8da1b4; border-radius: 5px; line-height: 60%"><p style="margin-bottom: 0px">Resource AdministrableProductDefinition &quot;CanifugCremolum-10mg1g-Cream-EE-APD&quot; </p><p style="margin-bottom: 0px">Profile: <a href="StructureDefinition-PPLAdministrableProductDefinition.html">PPL Administrable Product profile</a></p></div><p><b>status</b>: active</p><p><b>formOf</b>: <a href="MedicinalProductDefinition-CanifugCremolum-EE-MPD.html">MedicinalProductDefinition/CanifugCremolum-EE-MPD</a></p><p><b>administrableDoseForm</b>: Cream <span style="background: LightGoldenRodYellow; margin: 4px; border: 1px solid khaki"> (<a href="CodeSystem-pharmaceutical-dose-form-ema-cs.html">Pharmaceutical Dose Form EMA</a>#100000073712)</span></p><p><b>unitOfPresentation</b>: Tube <span style="background: LightGoldenRodYellow; margin: 4px; border: 1px solid khaki"> (<a href="CodeSystem-unit-of-presentation-ema-cs.html">Unit of Presentation EMA</a>#200000002156)</span></p><p><b>producedFrom</b>: <a href="ManufacturedItemDefinition-CanifugCremolum-10mg1g-Cream-EE-MID.html">ManufacturedItemDefinition/CanifugCremolum-10mg1g-Cream-EE-MID</a></p><h3>RouteOfAdministrations</h3><table class="grid"><tr><td>-</td><td><b>Code</b></td></tr><tr><td>*</td><td>Cutaneous use <span style="background: LightGoldenRodYellow; margin: 4px; border: 1px solid khaki"> (<a href="CodeSystem-routes-and-methods-of-administration-ema-cs.html">Routes and Methods of Administration</a>#100000073566)</span></td></tr></table></div>
  </text>
  <status value="active"/>
  <formOf>
    <reference value="MedicinalProductDefinition/CanifugCremolum-EE-MPD"/>
  </formOf>
  <administrableDoseForm>
    <coding>
      <system value="http://spor.ema.europa.eu/v1/lists/200000000004"/>
      <code value="100000073712"/>
      <display value="Cream"/>
    </coding>
  </administrableDoseForm>
  <unitOfPresentation>
    <coding>
      <system value="http://spor.ema.europa.eu/v1/lists/200000000014"/>
      <code value="200000002156"/>
      <display value="Tube"/>
    </coding>
  </unitOfPresentation>
  <producedFrom>
    <reference value="ManufacturedItemDefinition/CanifugCremolum-10mg1g-Cream-EE-MID"/>
  </producedFrom>
  <routeOfAdministration>
    <code>
      <coding>
        <system value="http://spor.ema.europa.eu/v1/lists/100000073345"/>
        <code value="100000073566"/>
        <display value="Cutaneous use"/>
      </coding>
    </code>
  </routeOfAdministration>
</AdministrableProductDefinition>