<?xml version="1.0" encoding="UTF-8"?>

<ManufacturedItemDefinition xmlns="http://hl7.org/fhir">
  <id value="Cefuroxime-MIP-1500mg-EE-MID"/>
  <meta>
    <profile value="https://hl7-eu.github.io/unicom-ig/branches/mpd-r5/StructureDefinition/PPLManufacturedItemDefinition"/>
  </meta>
  <text>
    <status value="generated"/><div xmlns="http://www.w3.org/1999/xhtml"><p><b>Generated Narrative: ManufacturedItemDefinition</b><a name="Cefuroxime-MIP-1500mg-EE-MID"> </a></p><div style="display: inline-block; background-color: #d9e0e7; padding: 6px; margin: 4px; border: 1px solid #8da1b4; border-radius: 5px; line-height: 60%"><p style="margin-bottom: 0px">Resource ManufacturedItemDefinition "Cefuroxime-MIP-1500mg-EE-MID" </p><p style="margin-bottom: 0px">Profile: <a href="StructureDefinition-PPLManufacturedItemDefinition.html">PPL Manufactured Item profile</a></p></div><p><b>status</b>: active</p><p><b>manufacturedDoseForm</b>: Solution for injection/infusion <span style="background: LightGoldenRodYellow; margin: 4px; border: 1px solid khaki"> (<a href="CodeSystem-pharmaceutical-dose-form-ema-cs.html">Pharmaceutical Dose Form EMA</a>#100000074038)</span></p><p><b>unitOfPresentation</b>: Vial <span style="background: LightGoldenRodYellow; margin: 4px; border: 1px solid khaki"> (<a href="CodeSystem-unit-of-presentation-ema-cs.html">Unit of Presentation EMA</a>#200000002158)</span></p></div>
  </text>
  <status value="active"/>
  <manufacturedDoseForm>
    <coding>
      <system value="http://spor.ema.europa.eu/v1/lists/200000000004"/>
      <code value="100000074038"/>
      <display value="Solution for injection/infusion"/>
    </coding>
  </manufacturedDoseForm>
  <unitOfPresentation>
    <coding>
      <system value="http://spor.ema.europa.eu/v1/lists/200000000014"/>
      <code value="200000002158"/>
      <display value="Vial"/>
    </coding>
  </unitOfPresentation>
</ManufacturedItemDefinition>