{
  "resourceType": "ValueSet",
  "id": "all-units-vs",
  "text": {
    "status": "generated",
    "div": "<div xmlns=\"http://www.w3.org/1999/xhtml\"><p>This value set includes codes based on the following rules:</p><ul><li>Include all codes defined in <a href=\"CodeSystem-unit-of-measurement-ema-cs.html\"><code>http://spor.ema.europa.eu/v1/lists/100000110633</code></a></li><li>Include all codes defined in <a href=\"CodeSystem-unit-of-presentation-ema-cs.html\"><code>http://spor.ema.europa.eu/v1/lists/200000000014</code></a></li></ul></div>"
  },
  "url": "http://unicom-project.eu/fhir/ValueSet/all-units-vs",
  "version": "0.1.0",
  "name": "AllUnits",
  "title": "All Units Combined",
  "status": "active",
  "date": "2022-11-11T13:10:08+00:00",
  "publisher": "UNICOM",
  "contact": [
    {
      "name": "UNICOM",
      "telecom": [
        {
          "system": "url",
          "value": "http://medigree.net"
        }
      ]
    }
  ],
  "description": "Value set for presentation strength denominator unit, combines units of measurement and units of presentation.",
  "compose": {
    "include": [
      {
        "system": "http://spor.ema.europa.eu/v1/lists/100000110633"
      },
      {
        "system": "http://spor.ema.europa.eu/v1/lists/200000000014"
      }
    ]
  }
}