<?xml version="1.0" encoding="UTF-8"?><CodeSystem xmlns="http://hl7.org/fhir"><id value="routes-and-methods-of-administration-ema-cs"/><text><status value="generated"/><div xmlns="http://www.w3.org/1999/xhtml"><p>This code system <code>https://spor.ema.europa.eu/v1/lists/100000073345</code> defines the following codes:</p><table class="codes"><tr><td style="white-space:nowrap"><b>Code</b></td><td><b>Display</b></td></tr><tr><td style="white-space:nowrap">100000073564<a name="routes-and-methods-of-administration-ema-cs-100000073564"> </a></td><td>Auricular use</td></tr><tr><td style="white-space:nowrap">100000073570<a name="routes-and-methods-of-administration-ema-cs-100000073570"> </a></td><td>Endosinusial use</td></tr><tr><td style="white-space:nowrap">100000073571<a name="routes-and-methods-of-administration-ema-cs-100000073571"> </a></td><td>Endotracheopulmonary use</td></tr><tr><td style="white-space:nowrap">100000073566<a name="routes-and-methods-of-administration-ema-cs-100000073566"> </a></td><td>Cutaneous use</td></tr><tr><td style="white-space:nowrap">100000073567<a name="routes-and-methods-of-administration-ema-cs-100000073567"> </a></td><td>Dental use</td></tr><tr><td style="white-space:nowrap">100000073569<a name="routes-and-methods-of-administration-ema-cs-100000073569"> </a></td><td>Endocervical use</td></tr><tr><td style="white-space:nowrap">100000073572<a name="routes-and-methods-of-administration-ema-cs-100000073572"> </a></td><td>Epidural use</td></tr><tr><td style="white-space:nowrap">100000073577<a name="routes-and-methods-of-administration-ema-cs-100000073577"> </a></td><td>Gastric use</td></tr><tr><td style="white-space:nowrap">100000073587<a name="routes-and-methods-of-administration-ema-cs-100000073587"> </a></td><td>Intraarterial use</td></tr><tr><td style="white-space:nowrap">100000073589<a name="routes-and-methods-of-administration-ema-cs-100000073589"> </a></td><td>Intrabursal use</td></tr><tr><td style="white-space:nowrap">100000073594<a name="routes-and-methods-of-administration-ema-cs-100000073594"> </a></td><td>Intracoronary use</td></tr><tr><td style="white-space:nowrap">100000073595<a name="routes-and-methods-of-administration-ema-cs-100000073595"> </a></td><td>Intradermal use</td></tr><tr><td style="white-space:nowrap">100000073601<a name="routes-and-methods-of-administration-ema-cs-100000073601"> </a></td><td>Intraocular use</td></tr><tr><td style="white-space:nowrap">100000073591<a name="routes-and-methods-of-administration-ema-cs-100000073591"> </a></td><td>Intracavernous use</td></tr><tr><td style="white-space:nowrap">100000073579<a name="routes-and-methods-of-administration-ema-cs-100000073579"> </a></td><td>Haemodialysis</td></tr><tr><td style="white-space:nowrap">100000073588<a name="routes-and-methods-of-administration-ema-cs-100000073588"> </a></td><td>Intraarticular use</td></tr><tr><td style="white-space:nowrap">100000073598<a name="routes-and-methods-of-administration-ema-cs-100000073598"> </a></td><td>Intralymphatic use</td></tr><tr><td style="white-space:nowrap">100000073604<a name="routes-and-methods-of-administration-ema-cs-100000073604"> </a></td><td>Intraperitoneal use</td></tr><tr><td style="white-space:nowrap">100000073607<a name="routes-and-methods-of-administration-ema-cs-100000073607"> </a></td><td>Intrasternal use</td></tr><tr><td style="white-space:nowrap">100000073620<a name="routes-and-methods-of-administration-ema-cs-100000073620"> </a></td><td>Oromucosal use</td></tr><tr><td style="white-space:nowrap">100000073597<a name="routes-and-methods-of-administration-ema-cs-100000073597"> </a></td><td>Intralesional use</td></tr><tr><td style="white-space:nowrap">100000073614<a name="routes-and-methods-of-administration-ema-cs-100000073614"> </a></td><td>Laryngopharyngeal use</td></tr><tr><td style="white-space:nowrap">100000073625<a name="routes-and-methods-of-administration-ema-cs-100000073625"> </a></td><td>Periodontal use</td></tr><tr><td style="white-space:nowrap">100000075557<a name="routes-and-methods-of-administration-ema-cs-100000075557"> </a></td><td>Periosseous use</td></tr><tr><td style="white-space:nowrap">100000075266<a name="routes-and-methods-of-administration-ema-cs-100000075266"> </a></td><td>Parenteral use</td></tr><tr><td style="white-space:nowrap">100000075267<a name="routes-and-methods-of-administration-ema-cs-100000075267"> </a></td><td>Other use</td></tr><tr><td style="white-space:nowrap">100000075268<a name="routes-and-methods-of-administration-ema-cs-100000075268"> </a></td><td>Ophthalmic use</td></tr><tr><td style="white-space:nowrap">100000075270<a name="routes-and-methods-of-administration-ema-cs-100000075270"> </a></td><td>Intravenous drip use</td></tr><tr><td style="white-space:nowrap">100000075261<a name="routes-and-methods-of-administration-ema-cs-100000075261"> </a></td><td>Unknown use</td></tr><tr><td style="white-space:nowrap">100000075260<a name="routes-and-methods-of-administration-ema-cs-100000075260"> </a></td><td>Intraprostatic use</td></tr><tr><td style="white-space:nowrap">100000075262<a name="routes-and-methods-of-administration-ema-cs-100000075262"> </a></td><td>Topical use</td></tr><tr><td style="white-space:nowrap">100000075263<a name="routes-and-methods-of-administration-ema-cs-100000075263"> </a></td><td>Subdermal use</td></tr><tr><td style="white-space:nowrap">100000075265<a name="routes-and-methods-of-administration-ema-cs-100000075265"> </a></td><td>Respiratory use</td></tr><tr><td style="white-space:nowrap">100000111216<a name="routes-and-methods-of-administration-ema-cs-100000111216"> </a></td><td>Occlusive dressing technique use</td></tr><tr><td style="white-space:nowrap">100000075237<a name="routes-and-methods-of-administration-ema-cs-100000075237"> </a></td><td>Intraileal use</td></tr><tr><td style="white-space:nowrap">100000075238<a name="routes-and-methods-of-administration-ema-cs-100000075238"> </a></td><td>Intragastric use</td></tr><tr><td style="white-space:nowrap">100000075240<a name="routes-and-methods-of-administration-ema-cs-100000075240"> </a></td><td>Intradural use</td></tr><tr><td style="white-space:nowrap">100000075241<a name="routes-and-methods-of-administration-ema-cs-100000075241"> </a></td><td>Intraduodenal use</td></tr><tr><td style="white-space:nowrap">100000075242<a name="routes-and-methods-of-administration-ema-cs-100000075242"> </a></td><td>Intranasal use</td></tr><tr><td style="white-space:nowrap">100000075243<a name="routes-and-methods-of-administration-ema-cs-100000075243"> </a></td><td>Local use</td></tr><tr><td style="white-space:nowrap">100000075244<a name="routes-and-methods-of-administration-ema-cs-100000075244"> </a></td><td>Not mentioned</td></tr><tr><td style="white-space:nowrap">100000075245<a name="routes-and-methods-of-administration-ema-cs-100000075245"> </a></td><td>In vitro use</td></tr><tr><td style="white-space:nowrap">100000075246<a name="routes-and-methods-of-administration-ema-cs-100000075246"> </a></td><td>Intraabdominal use</td></tr><tr><td style="white-space:nowrap">100000075247<a name="routes-and-methods-of-administration-ema-cs-100000075247"> </a></td><td>Interstitial use</td></tr><tr><td style="white-space:nowrap">100000111217<a name="routes-and-methods-of-administration-ema-cs-100000111217"> </a></td><td>Transplacental use</td></tr><tr><td style="white-space:nowrap">100000075251<a name="routes-and-methods-of-administration-ema-cs-100000075251"> </a></td><td>Conjunctival use</td></tr><tr><td style="white-space:nowrap">100000075252<a name="routes-and-methods-of-administration-ema-cs-100000075252"> </a></td><td>Transmucosal use</td></tr><tr><td style="white-space:nowrap">100000075253<a name="routes-and-methods-of-administration-ema-cs-100000075253"> </a></td><td>Soft tissue use</td></tr><tr><td style="white-space:nowrap">100000075254<a name="routes-and-methods-of-administration-ema-cs-100000075254"> </a></td><td>Percutaneous use</td></tr><tr><td style="white-space:nowrap">100000075255<a name="routes-and-methods-of-administration-ema-cs-100000075255"> </a></td><td>Nasogastric use</td></tr><tr><td style="white-space:nowrap">100000075256<a name="routes-and-methods-of-administration-ema-cs-100000075256"> </a></td><td>Intraventricular use</td></tr><tr><td style="white-space:nowrap">100000075257<a name="routes-and-methods-of-administration-ema-cs-100000075257"> </a></td><td>Intravascular use</td></tr><tr><td style="white-space:nowrap">100000075258<a name="routes-and-methods-of-administration-ema-cs-100000075258"> </a></td><td>Intratympanic use</td></tr><tr><td style="white-space:nowrap">100000075271<a name="routes-and-methods-of-administration-ema-cs-100000075271"> </a></td><td>Intravenous bolus use</td></tr><tr><td style="white-space:nowrap">100000075272<a name="routes-and-methods-of-administration-ema-cs-100000075272"> </a></td><td>Intratracheal use</td></tr><tr><td style="white-space:nowrap">100000075273<a name="routes-and-methods-of-administration-ema-cs-100000075273"> </a></td><td>Intrahepatic use</td></tr><tr><td style="white-space:nowrap">100000075555<a name="routes-and-methods-of-administration-ema-cs-100000075555"> </a></td><td>Intramuscular and intravenous use</td></tr><tr><td style="white-space:nowrap">100000075558<a name="routes-and-methods-of-administration-ema-cs-100000075558"> </a></td><td>Subgingival use</td></tr><tr><td style="white-space:nowrap">100000075559<a name="routes-and-methods-of-administration-ema-cs-100000075559"> </a></td><td>Epicutaneous use</td></tr><tr><td style="white-space:nowrap">100000075673<a name="routes-and-methods-of-administration-ema-cs-100000075673"> </a></td><td>Intraepidermal use</td></tr><tr><td style="white-space:nowrap">100000170847<a name="routes-and-methods-of-administration-ema-cs-100000170847"> </a></td><td>Coarse spray</td></tr><tr><td style="white-space:nowrap">200000010603<a name="routes-and-methods-of-administration-ema-cs-200000010603"> </a></td><td>Intraputaminal use</td></tr><tr><td style="white-space:nowrap">200000012510<a name="routes-and-methods-of-administration-ema-cs-200000012510"> </a></td><td>Instillation</td></tr><tr><td style="white-space:nowrap">200000016447<a name="routes-and-methods-of-administration-ema-cs-200000016447"> </a></td><td>Injection</td></tr><tr><td style="white-space:nowrap">200000016448<a name="routes-and-methods-of-administration-ema-cs-200000016448"> </a></td><td>Solution for infusion</td></tr><tr><td style="white-space:nowrap">200000016449<a name="routes-and-methods-of-administration-ema-cs-200000016449"> </a></td><td>Infusion</td></tr><tr><td style="white-space:nowrap">200000017716<a name="routes-and-methods-of-administration-ema-cs-200000017716"> </a></td><td>External use</td></tr><tr><td style="white-space:nowrap">200000017722<a name="routes-and-methods-of-administration-ema-cs-200000017722"> </a></td><td>Preservative solution</td></tr><tr><td style="white-space:nowrap">200000017723<a name="routes-and-methods-of-administration-ema-cs-200000017723"> </a></td><td>Concentrate for solution for infusion</td></tr><tr><td style="white-space:nowrap">200000017724<a name="routes-and-methods-of-administration-ema-cs-200000017724"> </a></td><td>Solution for injection</td></tr><tr><td style="white-space:nowrap">200000017725<a name="routes-and-methods-of-administration-ema-cs-200000017725"> </a></td><td>Irrigation</td></tr><tr><td style="white-space:nowrap">200000022791<a name="routes-and-methods-of-administration-ema-cs-200000022791"> </a></td><td>Intrafollicular use</td></tr><tr><td style="white-space:nowrap">200000022792<a name="routes-and-methods-of-administration-ema-cs-200000022792"> </a></td><td>Intratesticular use</td></tr><tr><td style="white-space:nowrap">100000075250<a name="routes-and-methods-of-administration-ema-cs-100000075250"> </a></td><td>Enteral use</td></tr><tr><td style="white-space:nowrap">100000111215<a name="routes-and-methods-of-administration-ema-cs-100000111215"> </a></td><td>Intrathoracic use</td></tr><tr><td style="white-space:nowrap">100000111214<a name="routes-and-methods-of-administration-ema-cs-100000111214"> </a></td><td>Intrameningeal use</td></tr><tr><td style="white-space:nowrap">100000143556<a name="routes-and-methods-of-administration-ema-cs-100000143556"> </a></td><td>Nail use</td></tr><tr><td style="white-space:nowrap">100000073584<a name="routes-and-methods-of-administration-ema-cs-100000073584"> </a></td><td>Inhalation use</td></tr><tr><td style="white-space:nowrap">100000073585<a name="routes-and-methods-of-administration-ema-cs-100000073585"> </a></td><td>Intestinal use</td></tr><tr><td style="white-space:nowrap">100000073573<a name="routes-and-methods-of-administration-ema-cs-100000073573"> </a></td><td>Epilesional use</td></tr><tr><td style="white-space:nowrap">100000073574<a name="routes-and-methods-of-administration-ema-cs-100000073574"> </a></td><td>Extraamniotic use</td></tr><tr><td style="white-space:nowrap">100000073578<a name="routes-and-methods-of-administration-ema-cs-100000073578"> </a></td><td>Gingival use</td></tr><tr><td style="white-space:nowrap">100000073586<a name="routes-and-methods-of-administration-ema-cs-100000073586"> </a></td><td>Intraamniotic use</td></tr><tr><td style="white-space:nowrap">100000073590<a name="routes-and-methods-of-administration-ema-cs-100000073590"> </a></td><td>Intracardiac use</td></tr><tr><td style="white-space:nowrap">100000073615<a name="routes-and-methods-of-administration-ema-cs-100000073615"> </a></td><td>Nasal use</td></tr><tr><td style="white-space:nowrap">100000073617<a name="routes-and-methods-of-administration-ema-cs-100000073617"> </a></td><td>Ocular use</td></tr><tr><td style="white-space:nowrap">100000073593<a name="routes-and-methods-of-administration-ema-cs-100000073593"> </a></td><td>Intracervical use</td></tr><tr><td style="white-space:nowrap">100000073596<a name="routes-and-methods-of-administration-ema-cs-100000073596"> </a></td><td>Intradiscal use</td></tr><tr><td style="white-space:nowrap">100000073600<a name="routes-and-methods-of-administration-ema-cs-100000073600"> </a></td><td>Intramuscular use</td></tr><tr><td style="white-space:nowrap">100000073602<a name="routes-and-methods-of-administration-ema-cs-100000073602"> </a></td><td>Intraosseous use</td></tr><tr><td style="white-space:nowrap">100000073603<a name="routes-and-methods-of-administration-ema-cs-100000073603"> </a></td><td>Intrapericardial use</td></tr><tr><td style="white-space:nowrap">100000073605<a name="routes-and-methods-of-administration-ema-cs-100000073605"> </a></td><td>Intrapleural use</td></tr><tr><td style="white-space:nowrap">100000073609<a name="routes-and-methods-of-administration-ema-cs-100000073609"> </a></td><td>Intratumoral use</td></tr><tr><td style="white-space:nowrap">100000073610<a name="routes-and-methods-of-administration-ema-cs-100000073610"> </a></td><td>Intrauterine use</td></tr><tr><td style="white-space:nowrap">100000073611<a name="routes-and-methods-of-administration-ema-cs-100000073611"> </a></td><td>Intravenous use</td></tr><tr><td style="white-space:nowrap">100000073612<a name="routes-and-methods-of-administration-ema-cs-100000073612"> </a></td><td>Intravesical use</td></tr><tr><td style="white-space:nowrap">100000073619<a name="routes-and-methods-of-administration-ema-cs-100000073619"> </a></td><td>Oral use</td></tr><tr><td style="white-space:nowrap">100000073623<a name="routes-and-methods-of-administration-ema-cs-100000073623"> </a></td><td>Periarticular use</td></tr><tr><td style="white-space:nowrap">100000073624<a name="routes-and-methods-of-administration-ema-cs-100000073624"> </a></td><td>Perineural use</td></tr><tr><td style="white-space:nowrap">100000073626<a name="routes-and-methods-of-administration-ema-cs-100000073626"> </a></td><td>Posterior juxtascleral use</td></tr><tr><td style="white-space:nowrap">100000073628<a name="routes-and-methods-of-administration-ema-cs-100000073628"> </a></td><td>Rectal use</td></tr><tr><td style="white-space:nowrap">100000073629<a name="routes-and-methods-of-administration-ema-cs-100000073629"> </a></td><td>Route of administration not applicable</td></tr><tr><td style="white-space:nowrap">100000073630<a name="routes-and-methods-of-administration-ema-cs-100000073630"> </a></td><td>Skin scarification</td></tr><tr><td style="white-space:nowrap">100000073632<a name="routes-and-methods-of-administration-ema-cs-100000073632"> </a></td><td>Subconjunctival use</td></tr><tr><td style="white-space:nowrap">100000073633<a name="routes-and-methods-of-administration-ema-cs-100000073633"> </a></td><td>Subcutaneous use</td></tr><tr><td style="white-space:nowrap">100000073634<a name="routes-and-methods-of-administration-ema-cs-100000073634"> </a></td><td>Sublingual use</td></tr><tr><td style="white-space:nowrap">100000073637<a name="routes-and-methods-of-administration-ema-cs-100000073637"> </a></td><td>Transdermal use</td></tr><tr><td style="white-space:nowrap">100000073639<a name="routes-and-methods-of-administration-ema-cs-100000073639"> </a></td><td>Vaginal use</td></tr><tr><td style="white-space:nowrap">100000075239<a name="routes-and-methods-of-administration-ema-cs-100000075239"> </a></td><td>Intraepidermal use</td></tr><tr><td style="white-space:nowrap">100000075264<a name="routes-and-methods-of-administration-ema-cs-100000075264"> </a></td><td>Retrobulbar use</td></tr><tr><td style="white-space:nowrap">100000075554<a name="routes-and-methods-of-administration-ema-cs-100000075554"> </a></td><td>Submucosal use</td></tr><tr><td style="white-space:nowrap">100000111213<a name="routes-and-methods-of-administration-ema-cs-100000111213"> </a></td><td>Intracorneal use</td></tr><tr><td style="white-space:nowrap">100000075248<a name="routes-and-methods-of-administration-ema-cs-100000075248"> </a></td><td>Infiltration</td></tr><tr><td style="white-space:nowrap">100000075249<a name="routes-and-methods-of-administration-ema-cs-100000075249"> </a></td><td>Implantation</td></tr><tr><td style="white-space:nowrap">100000075269<a name="routes-and-methods-of-administration-ema-cs-100000075269"> </a></td><td>Iontophoresis</td></tr><tr><td style="white-space:nowrap">100000075274<a name="routes-and-methods-of-administration-ema-cs-100000075274"> </a></td><td>Intracisternal use</td></tr><tr><td style="white-space:nowrap">100000075275<a name="routes-and-methods-of-administration-ema-cs-100000075275"> </a></td><td>Buccal use</td></tr><tr><td style="white-space:nowrap">100000075276<a name="routes-and-methods-of-administration-ema-cs-100000075276"> </a></td><td>Intracartilaginous use</td></tr><tr><td style="white-space:nowrap">100000075556<a name="routes-and-methods-of-administration-ema-cs-100000075556"> </a></td><td>Extracorporeal use</td></tr><tr><td style="white-space:nowrap">200000010645<a name="routes-and-methods-of-administration-ema-cs-200000010645"> </a></td><td>Transmammary</td></tr><tr><td style="white-space:nowrap">200000024875<a name="routes-and-methods-of-administration-ema-cs-200000024875"> </a></td><td>Extrapleural use</td></tr><tr><td style="white-space:nowrap">100000125763<a name="routes-and-methods-of-administration-ema-cs-100000125763"> </a></td><td>Intracameral use</td></tr><tr><td style="white-space:nowrap">100000155948<a name="routes-and-methods-of-administration-ema-cs-100000155948"> </a></td><td>Intraportal use</td></tr><tr><td style="white-space:nowrap">100000156091<a name="routes-and-methods-of-administration-ema-cs-100000156091"> </a></td><td>Intracholangiopancreatic use</td></tr><tr><td style="white-space:nowrap">100000156092<a name="routes-and-methods-of-administration-ema-cs-100000156092"> </a></td><td>Peritumoral use</td></tr><tr><td style="white-space:nowrap">100000157797<a name="routes-and-methods-of-administration-ema-cs-100000157797"> </a></td><td>Intraglandular use</td></tr><tr><td style="white-space:nowrap">100000170084<a name="routes-and-methods-of-administration-ema-cs-100000170084"> </a></td><td>Subretinal use</td></tr><tr><td style="white-space:nowrap">100000170279<a name="routes-and-methods-of-administration-ema-cs-100000170279"> </a></td><td>Intracerebroventricular use</td></tr><tr><td style="white-space:nowrap">200000010644<a name="routes-and-methods-of-administration-ema-cs-200000010644"> </a></td><td>Transplacental</td></tr><tr><td style="white-space:nowrap">100000073576<a name="routes-and-methods-of-administration-ema-cs-100000073576"> </a></td><td>Gastroenteral use</td></tr><tr><td style="white-space:nowrap">100000073613<a name="routes-and-methods-of-administration-ema-cs-100000073613"> </a></td><td>Intravitreal use</td></tr><tr><td style="white-space:nowrap">100000073638<a name="routes-and-methods-of-administration-ema-cs-100000073638"> </a></td><td>Urethral use</td></tr><tr><td style="white-space:nowrap">200000010643<a name="routes-and-methods-of-administration-ema-cs-200000010643"> </a></td><td>Topical</td></tr><tr><td style="white-space:nowrap">100000073592<a name="routes-and-methods-of-administration-ema-cs-100000073592"> </a></td><td>Intracerebral use</td></tr><tr><td style="white-space:nowrap">100000073621<a name="routes-and-methods-of-administration-ema-cs-100000073621"> </a></td><td>Oropharyngeal use</td></tr><tr><td style="white-space:nowrap">100000073608<a name="routes-and-methods-of-administration-ema-cs-100000073608"> </a></td><td>Intrathecal use</td></tr></table></div></text><url value="https://spor.ema.europa.eu/v1/lists/100000073345"/><version value="0.1.0"/><name value="Routes_And_Methods_Of_Administration_EMA_CS"/><title value="Routes and Methods of Administration EMA"/><status value="draft"/><date value="2022-11-21T10:47:26+00:00"/><publisher value="UNICOM"/><contact><name value="UNICOM"/><telecom><system value="url"/><value value="http://medigree.net"/></telecom></contact><description value="Routes and methods of medication administration. Based on EDQM, re-coded with RMS codes."/><caseSensitive value="false"/><compositional value="false"/><content value="complete"/><count value="136"/><concept><code value="100000073564"/><display value="Auricular use"/></concept><concept><code value="100000073570"/><display value="Endosinusial use"/></concept><concept><code value="100000073571"/><display value="Endotracheopulmonary use"/></concept><concept><code value="100000073566"/><display value="Cutaneous use"/></concept><concept><code value="100000073567"/><display value="Dental use"/></concept><concept><code value="100000073569"/><display value="Endocervical use"/></concept><concept><code value="100000073572"/><display value="Epidural use"/></concept><concept><code value="100000073577"/><display value="Gastric use"/></concept><concept><code value="100000073587"/><display value="Intraarterial use"/></concept><concept><code value="100000073589"/><display value="Intrabursal use"/></concept><concept><code value="100000073594"/><display value="Intracoronary use"/></concept><concept><code value="100000073595"/><display value="Intradermal use"/></concept><concept><code value="100000073601"/><display value="Intraocular use"/></concept><concept><code value="100000073591"/><display value="Intracavernous use"/></concept><concept><code value="100000073579"/><display value="Haemodialysis"/></concept><concept><code value="100000073588"/><display value="Intraarticular use"/></concept><concept><code value="100000073598"/><display value="Intralymphatic use"/></concept><concept><code value="100000073604"/><display value="Intraperitoneal use"/></concept><concept><code value="100000073607"/><display value="Intrasternal use"/></concept><concept><code value="100000073620"/><display value="Oromucosal use"/></concept><concept><code value="100000073597"/><display value="Intralesional use"/></concept><concept><code value="100000073614"/><display value="Laryngopharyngeal use"/></concept><concept><code value="100000073625"/><display value="Periodontal use"/></concept><concept><code value="100000075557"/><display value="Periosseous use"/></concept><concept><code value="100000075266"/><display value="Parenteral use"/></concept><concept><code value="100000075267"/><display value="Other use"/></concept><concept><code value="100000075268"/><display value="Ophthalmic use"/></concept><concept><code value="100000075270"/><display value="Intravenous drip use"/></concept><concept><code value="100000075261"/><display value="Unknown use"/></concept><concept><code value="100000075260"/><display value="Intraprostatic use"/></concept><concept><code value="100000075262"/><display value="Topical use"/></concept><concept><code value="100000075263"/><display value="Subdermal use"/></concept><concept><code value="100000075265"/><display value="Respiratory use"/></concept><concept><code value="100000111216"/><display value="Occlusive dressing technique use"/></concept><concept><code value="100000075237"/><display value="Intraileal use"/></concept><concept><code value="100000075238"/><display value="Intragastric use"/></concept><concept><code value="100000075240"/><display value="Intradural use"/></concept><concept><code value="100000075241"/><display value="Intraduodenal use"/></concept><concept><code value="100000075242"/><display value="Intranasal use"/></concept><concept><code value="100000075243"/><display value="Local use"/></concept><concept><code value="100000075244"/><display value="Not mentioned"/></concept><concept><code value="100000075245"/><display value="In vitro use"/></concept><concept><code value="100000075246"/><display value="Intraabdominal use"/></concept><concept><code value="100000075247"/><display value="Interstitial use"/></concept><concept><code value="100000111217"/><display value="Transplacental use"/></concept><concept><code value="100000075251"/><display value="Conjunctival use"/></concept><concept><code value="100000075252"/><display value="Transmucosal use"/></concept><concept><code value="100000075253"/><display value="Soft tissue use"/></concept><concept><code value="100000075254"/><display value="Percutaneous use"/></concept><concept><code value="100000075255"/><display value="Nasogastric use"/></concept><concept><code value="100000075256"/><display value="Intraventricular use"/></concept><concept><code value="100000075257"/><display value="Intravascular use"/></concept><concept><code value="100000075258"/><display value="Intratympanic use"/></concept><concept><code value="100000075271"/><display value="Intravenous bolus use"/></concept><concept><code value="100000075272"/><display value="Intratracheal use"/></concept><concept><code value="100000075273"/><display value="Intrahepatic use"/></concept><concept><code value="100000075555"/><display value="Intramuscular and intravenous use"/></concept><concept><code value="100000075558"/><display value="Subgingival use"/></concept><concept><code value="100000075559"/><display value="Epicutaneous use"/></concept><concept><code value="100000075673"/><display value="Intraepidermal use"/></concept><concept><code value="100000170847"/><display value="Coarse spray"/></concept><concept><code value="200000010603"/><display value="Intraputaminal use"/></concept><concept><code value="200000012510"/><display value="Instillation"/></concept><concept><code value="200000016447"/><display value="Injection"/></concept><concept><code value="200000016448"/><display value="Solution for infusion"/></concept><concept><code value="200000016449"/><display value="Infusion"/></concept><concept><code value="200000017716"/><display value="External use"/></concept><concept><code value="200000017722"/><display value="Preservative solution"/></concept><concept><code value="200000017723"/><display value="Concentrate for solution for infusion"/></concept><concept><code value="200000017724"/><display value="Solution for injection"/></concept><concept><code value="200000017725"/><display value="Irrigation"/></concept><concept><code value="200000022791"/><display value="Intrafollicular use"/></concept><concept><code value="200000022792"/><display value="Intratesticular use"/></concept><concept><code value="100000075250"/><display value="Enteral use"/></concept><concept><code value="100000111215"/><display value="Intrathoracic use"/></concept><concept><code value="100000111214"/><display value="Intrameningeal use"/></concept><concept><code value="100000143556"/><display value="Nail use"/></concept><concept><code value="100000073584"/><display value="Inhalation use"/></concept><concept><code value="100000073585"/><display value="Intestinal use"/></concept><concept><code value="100000073573"/><display value="Epilesional use"/></concept><concept><code value="100000073574"/><display value="Extraamniotic use"/></concept><concept><code value="100000073578"/><display value="Gingival use"/></concept><concept><code value="100000073586"/><display value="Intraamniotic use"/></concept><concept><code value="100000073590"/><display value="Intracardiac use"/></concept><concept><code value="100000073615"/><display value="Nasal use"/></concept><concept><code value="100000073617"/><display value="Ocular use"/></concept><concept><code value="100000073593"/><display value="Intracervical use"/></concept><concept><code value="100000073596"/><display value="Intradiscal use"/></concept><concept><code value="100000073600"/><display value="Intramuscular use"/></concept><concept><code value="100000073602"/><display value="Intraosseous use"/></concept><concept><code value="100000073603"/><display value="Intrapericardial use"/></concept><concept><code value="100000073605"/><display value="Intrapleural use"/></concept><concept><code value="100000073609"/><display value="Intratumoral use"/></concept><concept><code value="100000073610"/><display value="Intrauterine use"/></concept><concept><code value="100000073611"/><display value="Intravenous use"/></concept><concept><code value="100000073612"/><display value="Intravesical use"/></concept><concept><code value="100000073619"/><display value="Oral use"/></concept><concept><code value="100000073623"/><display value="Periarticular use"/></concept><concept><code value="100000073624"/><display value="Perineural use"/></concept><concept><code value="100000073626"/><display value="Posterior juxtascleral use"/></concept><concept><code value="100000073628"/><display value="Rectal use"/></concept><concept><code value="100000073629"/><display value="Route of administration not applicable"/></concept><concept><code value="100000073630"/><display value="Skin scarification"/></concept><concept><code value="100000073632"/><display value="Subconjunctival use"/></concept><concept><code value="100000073633"/><display value="Subcutaneous use"/></concept><concept><code value="100000073634"/><display value="Sublingual use"/></concept><concept><code value="100000073637"/><display value="Transdermal use"/></concept><concept><code value="100000073639"/><display value="Vaginal use"/></concept><concept><code value="100000075239"/><display value="Intraepidermal use"/></concept><concept><code value="100000075264"/><display value="Retrobulbar use"/></concept><concept><code value="100000075554"/><display value="Submucosal use"/></concept><concept><code value="100000111213"/><display value="Intracorneal use"/></concept><concept><code value="100000075248"/><display value="Infiltration"/></concept><concept><code value="100000075249"/><display value="Implantation"/></concept><concept><code value="100000075269"/><display value="Iontophoresis"/></concept><concept><code value="100000075274"/><display value="Intracisternal use"/></concept><concept><code value="100000075275"/><display value="Buccal use"/></concept><concept><code value="100000075276"/><display value="Intracartilaginous use"/></concept><concept><code value="100000075556"/><display value="Extracorporeal use"/></concept><concept><code value="200000010645"/><display value="Transmammary"/></concept><concept><code value="200000024875"/><display value="Extrapleural use"/></concept><concept><code value="100000125763"/><display value="Intracameral use"/></concept><concept><code value="100000155948"/><display value="Intraportal use"/></concept><concept><code value="100000156091"/><display value="Intracholangiopancreatic use"/></concept><concept><code value="100000156092"/><display value="Peritumoral use"/></concept><concept><code value="100000157797"/><display value="Intraglandular use"/></concept><concept><code value="100000170084"/><display value="Subretinal use"/></concept><concept><code value="100000170279"/><display value="Intracerebroventricular use"/></concept><concept><code value="200000010644"/><display value="Transplacental"/></concept><concept><code value="100000073576"/><display value="Gastroenteral use"/></concept><concept><code value="100000073613"/><display value="Intravitreal use"/></concept><concept><code value="100000073638"/><display value="Urethral use"/></concept><concept><code value="200000010643"/><display value="Topical"/></concept><concept><code value="100000073592"/><display value="Intracerebral use"/></concept><concept><code value="100000073621"/><display value="Oropharyngeal use"/></concept><concept><code value="100000073608"/><display value="Intrathecal use"/></concept></CodeSystem>