{
  "resourceType": "ManufacturedItemDefinition",
  "id": "Cefuroxime-MIP-1500mg-EE-MID",
  "meta": {
    "profile": [
      "http://unicom-project.eu/fhir/StructureDefinition/PPLManufacturedItemDefinition"
    ]
  },
  "text": {
    "status": "generated",
    "div": "<div xmlns=\"http://www.w3.org/1999/xhtml\"><p><b>Generated Narrative: ManufacturedItemDefinition</b><a name=\"Cefuroxime-MIP-1500mg-EE-MID\"> </a></p><div style=\"display: inline-block; background-color: #d9e0e7; padding: 6px; margin: 4px; border: 1px solid #8da1b4; border-radius: 5px; line-height: 60%\"><p style=\"margin-bottom: 0px\">Resource ManufacturedItemDefinition &quot;Cefuroxime-MIP-1500mg-EE-MID&quot; </p><p style=\"margin-bottom: 0px\">Profile: <a href=\"StructureDefinition-PPLManufacturedItemDefinition.html\">PPL Manufactured Item profile</a></p></div><p><b>status</b>: active</p><p><b>manufacturedDoseForm</b>: Powder for solution for injection/infusion <span style=\"background: LightGoldenRodYellow; margin: 4px; border: 1px solid khaki\"> (<a href=\"CodeSystem-pharmaceutical-dose-form-ema-cs.html\">Pharmaceutical Dose Form EMA</a>#100000116186)</span></p><p><b>unitOfPresentation</b>: Vial <span style=\"background: LightGoldenRodYellow; margin: 4px; border: 1px solid khaki\"> (<a href=\"CodeSystem-unit-of-presentation-ema-cs.html\">Unit of Presentation EMA</a>#200000002158)</span></p></div>"
  },
  "status": "active",
  "manufacturedDoseForm": {
    "coding": [
      {
        "system": "http://spor.ema.europa.eu/v1/lists/200000000004",
        "code": "100000116186",
        "display": "Powder for solution for injection/infusion"
      }
    ]
  },
  "unitOfPresentation": {
    "coding": [
      {
        "system": "http://spor.ema.europa.eu/v1/lists/200000000014",
        "code": "200000002158",
        "display": "Vial"
      }
    ]
  }
}