{
  "resourceType": "PackagedProductDefinition",
  "id": "Cefuroxime-MIP-1500mg-EE-PPD-1529962",
  "meta": {
    "profile": [
      "http://unicom-project.eu/fhir/StructureDefinition/PPLPackagedProductDefinition"
    ]
  },
  "text": {
    "status": "generated",
    "div": "<div xmlns=\"http://www.w3.org/1999/xhtml\"><p><b>Generated Narrative: PackagedProductDefinition</b><a name=\"Cefuroxime-MIP-1500mg-EE-PPD-1529962\"> </a></p><div style=\"display: inline-block; background-color: #d9e0e7; padding: 6px; margin: 4px; border: 1px solid #8da1b4; border-radius: 5px; line-height: 60%\"><p style=\"margin-bottom: 0px\">Resource PackagedProductDefinition &quot;Cefuroxime-MIP-1500mg-EE-PPD-1529962&quot; </p><p style=\"margin-bottom: 0px\">Profile: <a href=\"StructureDefinition-PPLPackagedProductDefinition.html\">PPL Packaged Product profile</a></p></div><p><b>identifier</b>: id: ?ngen-9?</p><p><b>packageFor</b>: <a href=\"MedicinalProductDefinition-Cefuroxime-MIP-1500mg-EE-MPD.html\">MedicinalProductDefinition/Cefuroxime-MIP-1500mg-EE-MPD</a></p><p><b>containedItemQuantity</b>: 10 Vial<span style=\"background: LightGoldenRodYellow\"> (Details: https://spor.ema.europa.eu/v1/lists/200000000014 code 200000002158 = 'Vial')</span></p><p><b>description</b>: I tüüpi klaasist viaal, mis on suletud klorobutüülkummist korgi ning flip-off kattega, 10 viaali</p><h3>MarketingStatuses</h3><table class=\"grid\"><tr><td>-</td><td><b>Country</b></td><td><b>Status</b></td></tr><tr><td>*</td><td>Republic of Estonia <span style=\"background: LightGoldenRodYellow; margin: 4px; border: 1px solid khaki\"> (<a href=\"CodeSystem-country-ema-cs.html\">Country EMA</a>#100000000388)</span></td><td>Marketed <span style=\"background: LightGoldenRodYellow; margin: 4px; border: 1px solid khaki\"> (100000072052#100000072083)</span></td></tr></table><blockquote><p><b>package</b></p><p><b>type</b>: Box <span style=\"background: LightGoldenRodYellow; margin: 4px; border: 1px solid khaki\"> (100000073346#100000073498)</span></p><p><b>quantity</b>: 1</p><p><b>material</b>: Cardboard <span style=\"background: LightGoldenRodYellow; margin: 4px; border: 1px solid khaki\"> (<a href=\"CodeSystem-material-ema-cs.html\">Material EMA</a>#200000003529)</span></p><blockquote><p><b>package</b></p><p><b>type</b>: vial <span style=\"background: LightGoldenRodYellow; margin: 4px; border: 1px solid khaki\"> (100000073346#200000002158)</span></p><p><b>quantity</b>: 10</p><p><b>material</b>: Glass type I <span style=\"background: LightGoldenRodYellow; margin: 4px; border: 1px solid khaki\"> (<a href=\"CodeSystem-material-ema-cs.html\">Material EMA</a>#200000003204)</span></p></blockquote></blockquote></div>"
  },
  "identifier": [
    {
      "system": "http://ema.europa.eu/example/pcid"
    }
  ],
  "packageFor": [
    {
      "reference": "MedicinalProductDefinition/Cefuroxime-MIP-1500mg-EE-MPD"
    }
  ],
  "containedItemQuantity": [
    {
      "value": 10,
      "unit": "Vial",
      "system": "https://spor.ema.europa.eu/v1/lists/200000000014",
      "code": "200000002158"
    }
  ],
  "description": "I tüüpi klaasist viaal, mis on suletud klorobutüülkummist korgi ning flip-off kattega, 10 viaali",
  "marketingStatus": [
    {
      "country": {
        "coding": [
          {
            "system": "https://spor.ema.europa.eu/v1/lists/100000000002",
            "code": "100000000388",
            "display": "Republic of Estonia"
          }
        ]
      },
      "status": {
        "coding": [
          {
            "system": "https://spor.ema.europa.eu/v1/lists/100000072052",
            "code": "100000072083",
            "display": "Marketed"
          }
        ]
      }
    }
  ],
  "package": {
    "type": {
      "coding": [
        {
          "system": "https://spor.ema.europa.eu/v1/lists/100000073346",
          "code": "100000073498",
          "display": "Box"
        }
      ]
    },
    "quantity": 1,
    "material": [
      {
        "coding": [
          {
            "system": "https://spor.ema.europa.eu/v1/lists/200000003199",
            "code": "200000003529",
            "display": "Cardboard"
          }
        ]
      }
    ],
    "package": [
      {
        "type": {
          "coding": [
            {
              "system": "https://spor.ema.europa.eu/v1/lists/100000073346",
              "code": "200000002158",
              "display": "vial"
            }
          ]
        },
        "quantity": 10,
        "material": [
          {
            "coding": [
              {
                "system": "https://spor.ema.europa.eu/v1/lists/200000003199",
                "code": "200000003204",
                "display": "Glass type I"
              }
            ]
          }
        ],
        "containedItem": [
          {
            "item": {
              "reference": {
                "reference": "ManufacturedItemDefinition/Cefuroxime-MIP-1500mg-EE-MID"
              }
            },
            "amount": {
              "value": 1
            }
          }
        ]
      }
    ]
  }
}