{
  "package": "hl7.eu.fhir.unicom",
  "version": "0.1.0",
  "fhirVersion": "5.0.0-ballot",
  "extensions": [],
  "profiles": {
    "Bundle": [
      {
        "url": "http://unicom-project.eu/fhir/StructureDefinition/MPDBundle",
        "title": "PPL Medicinal Product Bundle profile"
      }
    ],
    "AdministrableProductDefinition": [
      {
        "url": "http://unicom-project.eu/fhir/StructureDefinition/PPLAdministrableProductDefinition",
        "title": "PPL Administrable Product profile"
      }
    ],
    "Ingredient": [
      {
        "url": "http://unicom-project.eu/fhir/StructureDefinition/PPLIngredient",
        "title": "PPL Ingredient profile"
      }
    ],
    "ManufacturedItemDefinition": [
      {
        "url": "http://unicom-project.eu/fhir/StructureDefinition/PPLManufacturedItemDefinition",
        "title": "PPL Manufactured Item profile"
      }
    ],
    "MedicinalProductDefinition": [
      {
        "url": "http://unicom-project.eu/fhir/StructureDefinition/PPLMedicinalProductDefinition",
        "title": "PPL Medicinal Product profile"
      }
    ],
    "RegulatedAuthorization": [
      {
        "url": "http://unicom-project.eu/fhir/StructureDefinition/PPLRegulatedAuthorization",
        "title": "PPL Marketing Authorisation profile"
      }
    ]
  },
  "usage": {
    "http://hl7.org/fhir/StructureDefinition/elementdefinition-bestpractice": [
      "StructureDefinition.snapshot.element.constraint"
    ],
    "http://hl7.org/fhir/StructureDefinition/elementdefinition-bestpractice-explanation": [
      "StructureDefinition.snapshot.element.constraint"
    ],
    "http://hl7.org/fhir/StructureDefinition/elementdefinition-bindingName": [
      "StructureDefinition.snapshot.element.binding"
    ],
    "http://hl7.org/fhir/StructureDefinition/elementdefinition-isCommonBinding": [
      "StructureDefinition.snapshot.element.binding"
    ],
    "http://hl7.org/fhir/StructureDefinition/elementdefinition-maxValueSet": [
      "StructureDefinition.snapshot.element.binding"
    ],
    "http://hl7.org/fhir/StructureDefinition/elementdefinition-translatable": [
      "StructureDefinition.snapshot.element"
    ],
    "http://hl7.org/fhir/StructureDefinition/structuredefinition-category": [
      "StructureDefinition"
    ],
    "http://hl7.org/fhir/StructureDefinition/structuredefinition-fhir-type": [
      "StructureDefinition.snapshot.element.type"
    ],
    "http://hl7.org/fhir/StructureDefinition/structuredefinition-security-category": [
      "StructureDefinition"
    ],
    "http://hl7.org/fhir/StructureDefinition/structuredefinition-standards-status": [
      "StructureDefinition.snapshot.element"
    ],
    "http://hl7.org/fhir/build/StructureDefinition/binding-definition": [
      "StructureDefinition.snapshot.element.binding"
    ],
    "http://hl7.org/fhir/build/StructureDefinition/no-binding": [
      "StructureDefinition.snapshot.element"
    ],
    "http://hl7.org/fhir/tools/StructureDefinition/ig-parameter": [
      "ImplementationGuide.definition"
    ],
    "http://hl7.org/fhir/tools/StructureDefinition/resource-information": [
      "ImplementationGuide.definition.resource"
    ]
  }
}