<?xml version="1.0" encoding="UTF-8"?>

<Ingredient xmlns="http://hl7.org/fhir">
  <id value="CanifugCremolum-100mg-Pessary-EE-I"/>
  <meta>
    <profile value="http://unicom-project.eu/fhir/StructureDefinition/PPLIngredient"/>
  </meta>
  <text>
    <status value="generated"/><div xmlns="http://www.w3.org/1999/xhtml"><p><b>Generated Narrative: Ingredient</b><a name="CanifugCremolum-100mg-Pessary-EE-I"> </a></p><div style="display: inline-block; background-color: #d9e0e7; padding: 6px; margin: 4px; border: 1px solid #8da1b4; border-radius: 5px; line-height: 60%"><p style="margin-bottom: 0px">Resource Ingredient &quot;CanifugCremolum-100mg-Pessary-EE-I&quot; </p><p style="margin-bottom: 0px">Profile: <a href="StructureDefinition-PPLIngredient.html">PPL Ingredient profile</a></p></div><p><b>status</b>: active</p><p><b>for</b>: </p><ul><li><a href="MedicinalProductDefinition-CanifugCremolum-EE-MPD.html">MedicinalProductDefinition/CanifugCremolum-EE-MPD</a></li><li><a href="ManufacturedItemDefinition-CanifugCremolum-100mg-Pessary-EE-MID.html">ManufacturedItemDefinition/CanifugCremolum-100mg-Pessary-EE-MID</a></li><li><a href="AdministrableProductDefinition-CanifugCremolum-100mg-Pessary-EE-APD.html">AdministrableProductDefinition/CanifugCremolum-100mg-Pessary-EE-APD</a></li></ul><p><b>role</b>: Active <span style="background: LightGoldenRodYellow; margin: 4px; border: 1px solid khaki"> (100000072050#100000072072)</span></p><blockquote><p><b>substance</b></p><h3>Codes</h3><table class="grid"><tr><td>-</td><td><b>Concept</b></td></tr><tr><td>*</td><td>CLOTRIMAZOLE <span style="background: LightGoldenRodYellow; margin: 4px; border: 1px solid khaki"> (<a href="CodeSystem-substance-sms-cs.html">Substances EMA SPOR SMS</a>#100000092074)</span></td></tr></table><h3>Strengths</h3><table class="grid"><tr><td>-</td><td><b>Presentation[x]</b></td></tr><tr><td>*</td><td>100 milligram(s)<span style="background: LightGoldenRodYellow"> (Details: https://spor.ema.europa.eu/v1/lists/100000110633 code 100000110655 = 'milligram(s)')</span>/1 Pessary<span style="background: LightGoldenRodYellow"> (Details: https://spor.ema.europa.eu/v1/lists/200000000014 code 200000002137 = 'Pessary')</span></td></tr></table></blockquote></div>
  </text>
  <status value="active"/>
  <for>
    <reference value="MedicinalProductDefinition/CanifugCremolum-EE-MPD"/>
  </for>
  <for>
    <reference value="ManufacturedItemDefinition/CanifugCremolum-100mg-Pessary-EE-MID"/>
  </for>
  <for>
    <reference value="AdministrableProductDefinition/CanifugCremolum-100mg-Pessary-EE-APD"/>
  </for>
  <role>
    <coding>
      <system value="https://spor.ema.europa.eu/v1/lists/100000072050"/>
      <code value="100000072072"/>
      <display value="Active"/>
    </coding>
  </role>
  <substance>
    <code>
      <concept>
        <coding>
          <system value="https://spor.ema.europa.eu/v2/SubstanceDefinition"/>
          <code value="100000092074"/>
          <display value="CLOTRIMAZOLE"/>
        </coding>
      </concept>
    </code>
    <strength>
      <presentationRatio>
        <numerator>
          <value value="100"/>
          <unit value="milligram(s)"/>
          <system value="https://spor.ema.europa.eu/v1/lists/100000110633"/>
          <code value="100000110655"/>
        </numerator>
        <denominator>
          <value value="1"/>
          <unit value="Pessary"/>
          <system value="https://spor.ema.europa.eu/v1/lists/200000000014"/>
          <code value="200000002137"/>
        </denominator>
      </presentationRatio>
    </strength>
  </substance>
</Ingredient>