<?xml version="1.0" encoding="UTF-8"?>

<MedicinalProductDefinition xmlns="http://hl7.org/fhir">
  <id value="CanifugCremolum-EE-MPD"/>
  <meta>
    <profile value="http://unicom-project.eu/fhir/StructureDefinition/PPLMedicinalProductDefinition"/>
  </meta>
  <text>
    <status value="generated"/><div xmlns="http://www.w3.org/1999/xhtml"><p><b>Generated Narrative: MedicinalProductDefinition</b><a name="CanifugCremolum-EE-MPD"> </a></p><div style="display: inline-block; background-color: #d9e0e7; padding: 6px; margin: 4px; border: 1px solid #8da1b4; border-radius: 5px; line-height: 60%"><p style="margin-bottom: 0px">Resource MedicinalProductDefinition &quot;CanifugCremolum-EE-MPD&quot; </p><p style="margin-bottom: 0px">Profile: <a href="StructureDefinition-PPLMedicinalProductDefinition.html">PPL Medicinal Product profile</a></p></div><p><b>identifier</b>: id: EE-100004795-10280, id: EE00000003</p><p><b>domain</b>: Human use <span style="background: LightGoldenRodYellow; margin: 4px; border: 1px solid khaki"> (<a href="CodeSystem-domain-ema-cs.html">Domain EMA</a>#100000000012)</span></p><p><b>status</b>: Current <span style="background: LightGoldenRodYellow; margin: 4px; border: 1px solid khaki"> (<a href="CodeSystem-recordStatus-ema-cs.html">Record Status EMA SPOR</a>#200000005004)</span></p><p><b>combinedPharmaceuticalDoseForm</b>: Cream + pessary <span style="background: LightGoldenRodYellow; margin: 4px; border: 1px solid khaki"> (<a href="CodeSystem-combination-package-ema-cs.html">Combination Package EMA</a>#100000173972)</span></p><p><b>legalStatusOfSupply</b>: Medicinal Product subject to medical prescription <span style="background: LightGoldenRodYellow; margin: 4px; border: 1px solid khaki"> (<a href="CodeSystem-legal-status-for-the-supply-ema-cs.html">Legal Status for the Supply EMA</a>#100000072084)</span></p><p><b>classification</b>: clotrimazole <span style="background: LightGoldenRodYellow; margin: 4px; border: 1px solid khaki"> (<a href="CodeSystem-ATC-Human-EMA.html">ATC Human EMA</a>#100000095693)</span>, clotrimazole <span style="background: LightGoldenRodYellow; margin: 4px; border: 1px solid khaki"> (<a href="http://terminology.hl7.org/5.0.0/CodeSystem-v3-WC.html">WHO ATC</a>#G01AF02)</span></p><blockquote><p><b>name</b></p><p><b>productName</b>: Canifug Cremolum</p><h3>Parts</h3><table class="grid"><tr><td>-</td><td><b>Part</b></td><td><b>Type</b></td></tr><tr><td>*</td><td>Canifug Cremolum</td><td>Invented name part <span style="background: LightGoldenRodYellow; margin: 4px; border: 1px solid khaki"> (220000000000#220000000002)</span></td></tr></table><h3>Usages</h3><table class="grid"><tr><td>-</td><td><b>Country</b></td><td><b>Language</b></td></tr><tr><td>*</td><td>Republic of Estonia <span style="background: LightGoldenRodYellow; margin: 4px; border: 1px solid khaki"> (<a href="CodeSystem-country-ema-cs.html">Country EMA</a>#100000000388)</span></td><td>Estonian <span style="background: LightGoldenRodYellow; margin: 4px; border: 1px solid khaki"> (<a href="http://terminology.hl7.org/5.0.0/CodeSystem-v3-ietf3066.html">Tags for the Identification of Languages</a>#et)</span></td></tr></table></blockquote></div>
  </text>
  <identifier>
    <system value="http://ema.europa.eu/fhir/mpId"/>
    <value value="EE-100004795-10280"/>
  </identifier>
  <identifier>
    <system value="http://ema.europa.eu/fhir/pmsId"/>
    <value value="EE00000003"/>
  </identifier>
  <domain>
    <coding>
      <system value="https://spor.ema.europa.eu/v1/lists/100000000004"/>
      <code value="100000000012"/>
      <display value="Human use"/>
    </coding>
  </domain>
  <status>
    <coding>
      <system value="https://spor.ema.europa.eu/v1/lists/200000005003"/>
      <code value="200000005004"/>
      <display value="Current"/>
    </coding>
  </status>
  <combinedPharmaceuticalDoseForm>
    <coding>
      <system value="https://spor.ema.europa.eu/v1/lists/200000000008"/>
      <code value="100000173972"/>
      <display value="Cream + pessary"/>
    </coding>
  </combinedPharmaceuticalDoseForm>
  <legalStatusOfSupply>
    <coding>
      <system value="https://spor.ema.europa.eu/v1/lists/100000072051"/>
      <code value="100000072084"/>
      <display value="Medicinal Product subject to medical prescription"/>
    </coding>
  </legalStatusOfSupply>
  <classification>
    <coding>
      <system value="https://spor.ema.europa.eu/v1/lists/100000093533"/>
      <code value="100000095693"/>
      <display value="clotrimazole"/>
    </coding>
  </classification>
  <classification>
    <coding>
      <system value="http://www.whocc.no/atc"/>
      <code value="G01AF02"/>
      <display value="clotrimazole"/>
    </coding>
  </classification>
  <name>
    <productName value="Canifug Cremolum"/>
    <part>
      <part value="Canifug Cremolum"/>
      <type>
        <coding>
          <system value="https://spor.ema.europa.eu/v1/lists/220000000000"/>
          <code value="220000000002"/>
          <display value="Invented name part"/>
        </coding>
      </type>
    </part>
    <usage>
      <country>
        <coding>
          <system value="https://spor.ema.europa.eu/v1/lists/100000000002"/>
          <code value="100000000388"/>
          <display value="Republic of Estonia"/>
        </coding>
      </country>
      <language>
        <coding>
          <system value="urn:ietf:bcp:47"/>
          <code value="et"/>
          <display value="Estonian"/>
        </coding>
      </language>
    </usage>
  </name>
</MedicinalProductDefinition>