<?xml version="1.0" encoding="UTF-8"?>

<SearchParameter xmlns="http://hl7.org/fhir">
  <id value="country"/>
  <text>
    <status value="generated"/><div xmlns="http://www.w3.org/1999/xhtml"><h2>country</h2><p>Parameter <code>country</code>:<code>token</code></p><div><p>Search for MedicinalProductDefinition by country</p>
</div><table class="grid"><tr><td>Resource</td><td><a href="http://hl7.org/fhir/R5/medicinalproductdefinition.html">MedicinalProductDefinition</a></td></tr><tr><td>Expression</td><td><code>MedicinalProductDefinition.name.usage.country.coding.code</code></td></tr><tr><td>Processing Mode</td><td>Normal</td></tr><tr><td>Multiples</td><td>The parameter cannot repeat or have multiple values</td></tr></table></div>
  </text>
  <url value="http://unicom-project.eu/fhir/SearchParameter/country"/>
  <version value="0.1.0"/>
  <name value="country"/>
  <status value="active"/>
  <date value="2023-06-29T18:56:17+00:00"/>
  <publisher value="UNICOM"/>
  <contact>
    <name value="UNICOM"/>
    <telecom>
      <system value="url"/>
      <value value="http://unicom-project.eu"/>
    </telecom>
  </contact>
  <description value="Search for MedicinalProductDefinition by country"/>
  <code value="country"/>
  <base value="MedicinalProductDefinition"/>
  <type value="token"/>
  <expression value="MedicinalProductDefinition.name.usage.country.coding.code"/>
  <processingMode value="normal"/>
</SearchParameter>