<?xml version="1.0" encoding="UTF-8"?>

<CodeSystem xmlns="http://hl7.org/fhir">
  <id value="combination-package-ema-cs"/>
  <text>
    <status value="generated"/><div xmlns="http://www.w3.org/1999/xhtml"><p>This code system <code>https://spor.ema.europa.eu/v1/lists/200000000008</code> defines the following codes:</p><table class="codes"><tr><td style="white-space:nowrap"><b>Code</b></td><td><b>Display</b></td></tr><tr><td style="white-space:nowrap">100000173972<a name="combination-package-ema-cs-100000173972"> </a></td><td>Cream + pessary</td></tr><tr><td style="white-space:nowrap">100000173973<a name="combination-package-ema-cs-100000173973"> </a></td><td>Cutaneous solution + medicated sponge</td></tr><tr><td style="white-space:nowrap">100000173974<a name="combination-package-ema-cs-100000173974"> </a></td><td>Gastro-resistant tablet + rectal suspension</td></tr><tr><td style="white-space:nowrap">100000173975<a name="combination-package-ema-cs-100000173975"> </a></td><td>Vaginal capsule, soft + vaginal cream</td></tr><tr><td style="white-space:nowrap">100000173976<a name="combination-package-ema-cs-100000173976"> </a></td><td>Vaginal cream + vaginal tablet</td></tr><tr><td style="white-space:nowrap">100000173977<a name="combination-package-ema-cs-100000173977"> </a></td><td>Effervescent granules + film-coated tablet</td></tr><tr><td style="white-space:nowrap">100000173978<a name="combination-package-ema-cs-100000173978"> </a></td><td>Effervescent tablet + film-coated tablet</td></tr><tr><td style="white-space:nowrap">100000173979<a name="combination-package-ema-cs-100000173979"> </a></td><td>Tablet + vaginal tablet</td></tr><tr><td style="white-space:nowrap">100000173980<a name="combination-package-ema-cs-100000173980"> </a></td><td>Cream + vaginal capsule, soft</td></tr><tr><td style="white-space:nowrap">100000173981<a name="combination-package-ema-cs-100000173981"> </a></td><td>Cream + vaginal tablet</td></tr><tr><td style="white-space:nowrap">200000028535<a name="combination-package-ema-cs-200000028535"> </a></td><td>Eye drops, solution + eye ointment</td></tr><tr><td style="white-space:nowrap">200000010779<a name="combination-package-ema-cs-200000010779"> </a></td><td>Ointment + vaginal tablet</td></tr><tr><td style="white-space:nowrap">200000002334<a name="combination-package-ema-cs-200000002334"> </a></td><td>Film-coated tablet + pessary</td></tr><tr><td style="white-space:nowrap">200000003175<a name="combination-package-ema-cs-200000003175"> </a></td><td>Capsule, soft + tablet</td></tr><tr><td style="white-space:nowrap">200000003176<a name="combination-package-ema-cs-200000003176"> </a></td><td>Capsule, hard + tablet</td></tr><tr><td style="white-space:nowrap">200000003177<a name="combination-package-ema-cs-200000003177"> </a></td><td>Film-coated tablet + tablet</td></tr><tr><td style="white-space:nowrap">200000015757<a name="combination-package-ema-cs-200000015757"> </a></td><td>Effervescent granules + gastro-resistant tablet</td></tr></table></div>
  </text>
  <url value="https://spor.ema.europa.eu/v1/lists/200000000008"/>
  <version value="0.1.0"/>
  <name value="CombinationPackage_EMA_CS"/>
  <title value="Combination Package EMA"/>
  <status value="draft"/>
  <date value="2022-11-21T10:47:26+00:00"/>
  <publisher value="UNICOM"/>
  <contact>
    <name value="UNICOM"/>
    <telecom>
      <system value="url"/>
      <value value="http://medigree.net"/>
    </telecom>
  </contact>
  <description value="Dose forms for combination packages. Based on EDQM. Re-coded with RMS codes. Only used for authorised dose form."/>
  <caseSensitive value="false"/>
  <compositional value="false"/>
  <content value="complete"/>
  <count value="17"/>
  <concept>
    <code value="100000173972"/>
    <display value="Cream + pessary"/>
  </concept>
  <concept>
    <code value="100000173973"/>
    <display value="Cutaneous solution + medicated sponge"/>
  </concept>
  <concept>
    <code value="100000173974"/>
    <display value="Gastro-resistant tablet + rectal suspension"/>
  </concept>
  <concept>
    <code value="100000173975"/>
    <display value="Vaginal capsule, soft + vaginal cream"/>
  </concept>
  <concept>
    <code value="100000173976"/>
    <display value="Vaginal cream + vaginal tablet"/>
  </concept>
  <concept>
    <code value="100000173977"/>
    <display value="Effervescent granules + film-coated tablet"/>
  </concept>
  <concept>
    <code value="100000173978"/>
    <display value="Effervescent tablet + film-coated tablet"/>
  </concept>
  <concept>
    <code value="100000173979"/>
    <display value="Tablet + vaginal tablet"/>
  </concept>
  <concept>
    <code value="100000173980"/>
    <display value="Cream + vaginal capsule, soft"/>
  </concept>
  <concept>
    <code value="100000173981"/>
    <display value="Cream + vaginal tablet"/>
  </concept>
  <concept>
    <code value="200000028535"/>
    <display value="Eye drops, solution + eye ointment"/>
  </concept>
  <concept>
    <code value="200000010779"/>
    <display value="Ointment + vaginal tablet"/>
  </concept>
  <concept>
    <code value="200000002334"/>
    <display value="Film-coated tablet + pessary"/>
  </concept>
  <concept>
    <code value="200000003175"/>
    <display value="Capsule, soft + tablet"/>
  </concept>
  <concept>
    <code value="200000003176"/>
    <display value="Capsule, hard + tablet"/>
  </concept>
  <concept>
    <code value="200000003177"/>
    <display value="Film-coated tablet + tablet"/>
  </concept>
  <concept>
    <code value="200000015757"/>
    <display value="Effervescent granules + gastro-resistant tablet"/>
  </concept>
</CodeSystem>