<?xml version="1.0" encoding="UTF-8"?>

<ValueSet xmlns="http://hl7.org/fhir">
  <id value="unit-of-presentation-vs"/>
  <text>
    <status value="generated"/><div xmlns="http://www.w3.org/1999/xhtml"><ul><li>Include all codes defined in <a href="CodeSystem-unit-of-presentation-ema-cs.html"><code>https://spor.ema.europa.eu/v1/lists/200000000014</code></a></li></ul></div>
  </text>
  <url value="http://unicom-project.eu/fhir/ValueSet/unit-of-presentation-vs"/>
  <version value="0.1.0"/>
  <name value="UnitOfPresentation"/>
  <title value="Unit of Presentation EMA"/>
  <status value="active"/>
  <date value="2022-11-24T22:13:14+00:00"/>
  <publisher value="UNICOM"/>
  <contact>
    <name value="UNICOM"/>
    <telecom>
      <system value="url"/>
      <value value="http://medigree.net"/>
    </telecom>
  </contact>
  <description value="Units of presentation. EMA SPOR RMS list based on EDQM."/>
  <compose>
    <include>
      <system value="https://spor.ema.europa.eu/v1/lists/200000000014"/>
    </include>
  </compose>
</ValueSet>