{"resourceType":"ImplementationGuide","id":"hl7.eu.fhir.unicom","text":{"status":"extensions","div":"<div xmlns=\"http://www.w3.org/1999/xhtml\"><h2>UnicomIG</h2><p>The official URL for this implementation guide is: </p><pre>https://hl7-eu.github.io/unicom-ig/branches/mpd-r5/ImplementationGuide/hl7.eu.fhir.unicom</pre><div><p>UnicomIG</p>\n</div></div>"},"url":"https://hl7-eu.github.io/unicom-ig/branches/mpd-r5/ImplementationGuide/hl7.eu.fhir.unicom","version":"0.1.0","name":"UnicomIG","title":"UnicomIG","status":"draft","date":"2022-11-11T20:48:35+00:00","publisher":"UNICOM","contact":[{"name":"UNICOM","telecom":[{"system":"url","value":"http://medigree.net"}]}],"description":"UnicomIG","packageId":"hl7.eu.fhir.unicom","license":"CC0-1.0","fhirVersion":["5.0.0-ballot"],"dependsOn":[{"id":"hl7tx","extension":[{"url":"http://hl7.org/fhir/tools/StructureDefinition/implementationguide-dependency-comment","valueMarkdown":"Automatically added as a dependency - all IGs depend on HL7 Terminology"}],"uri":"http://terminology.hl7.org/ImplementationGuide/hl7.terminology","packageId":"hl7.terminology.r5","version":"5.0.0"}],"definition":{"extension":[{"extension":[{"url":"code","valueString":"copyrightyear"},{"url":"value","valueString":"2022+"}],"url":"http://hl7.org/fhir/tools/StructureDefinition/ig-parameter"},{"extension":[{"url":"code","valueString":"releaselabel"},{"url":"value","valueString":"ci-build"}],"url":"http://hl7.org/fhir/tools/StructureDefinition/ig-parameter"},{"extension":[{"url":"code","valueString":"autoload-resources"},{"url":"value","valueString":"true"}],"url":"http://hl7.org/fhir/tools/StructureDefinition/ig-parameter"},{"extension":[{"url":"code","valueString":"path-liquid"},{"url":"value","valueString":"template/liquid"}],"url":"http://hl7.org/fhir/tools/StructureDefinition/ig-parameter"},{"extension":[{"url":"code","valueString":"path-liquid"},{"url":"value","valueString":"input/liquid"}],"url":"http://hl7.org/fhir/tools/StructureDefinition/ig-parameter"},{"extension":[{"url":"code","valueString":"path-qa"},{"url":"value","valueString":"temp/qa"}],"url":"http://hl7.org/fhir/tools/StructureDefinition/ig-parameter"},{"extension":[{"url":"code","valueString":"path-temp"},{"url":"value","valueString":"temp/pages"}],"url":"http://hl7.org/fhir/tools/StructureDefinition/ig-parameter"},{"extension":[{"url":"code","valueString":"path-output"},{"url":"value","valueString":"output"}],"url":"http://hl7.org/fhir/tools/StructureDefinition/ig-parameter"},{"extension":[{"url":"code","valueString":"path-suppressed-warnings"},{"url":"value","valueString":"input/ignoreWarnings.txt"}],"url":"http://hl7.org/fhir/tools/StructureDefinition/ig-parameter"},{"extension":[{"url":"code","valueString":"path-history"},{"url":"value","valueString":"https://hl7-eu.github.io/unicom-ig/branches/mpd-r5/history.html"}],"url":"http://hl7.org/fhir/tools/StructureDefinition/ig-parameter"},{"extension":[{"url":"code","valueString":"template-html"},{"url":"value","valueString":"template-page.html"}],"url":"http://hl7.org/fhir/tools/StructureDefinition/ig-parameter"},{"extension":[{"url":"code","valueString":"template-md"},{"url":"value","valueString":"template-page-md.html"}],"url":"http://hl7.org/fhir/tools/StructureDefinition/ig-parameter"},{"extension":[{"url":"code","valueString":"apply-contact"},{"url":"value","valueString":"true"}],"url":"http://hl7.org/fhir/tools/StructureDefinition/ig-parameter"},{"extension":[{"url":"code","valueString":"apply-context"},{"url":"value","valueString":"true"}],"url":"http://hl7.org/fhir/tools/StructureDefinition/ig-parameter"},{"extension":[{"url":"code","valueString":"apply-copyright"},{"url":"value","valueString":"true"}],"url":"http://hl7.org/fhir/tools/StructureDefinition/ig-parameter"},{"extension":[{"url":"code","valueString":"apply-jurisdiction"},{"url":"value","valueString":"true"}],"url":"http://hl7.org/fhir/tools/StructureDefinition/ig-parameter"},{"extension":[{"url":"code","valueString":"apply-license"},{"url":"value","valueString":"true"}],"url":"http://hl7.org/fhir/tools/StructureDefinition/ig-parameter"},{"extension":[{"url":"code","valueString":"apply-publisher"},{"url":"value","valueString":"true"}],"url":"http://hl7.org/fhir/tools/StructureDefinition/ig-parameter"},{"extension":[{"url":"code","valueString":"apply-version"},{"url":"value","valueString":"true"}],"url":"http://hl7.org/fhir/tools/StructureDefinition/ig-parameter"},{"extension":[{"url":"code","valueString":"active-tables"},{"url":"value","valueString":"true"}],"url":"http://hl7.org/fhir/tools/StructureDefinition/ig-parameter"},{"extension":[{"url":"code","valueString":"fmm-definition"},{"url":"value","valueString":"http://hl7.org/fhir/versions.html#maturity"}],"url":"http://hl7.org/fhir/tools/StructureDefinition/ig-parameter"},{"extension":[{"url":"code","valueString":"propagate-status"},{"url":"value","valueString":"true"}],"url":"http://hl7.org/fhir/tools/StructureDefinition/ig-parameter"},{"extension":[{"url":"code","valueString":"excludelogbinaryformat"},{"url":"value","valueString":"true"}],"url":"http://hl7.org/fhir/tools/StructureDefinition/ig-parameter"},{"extension":[{"url":"code","valueString":"tabbed-snapshots"},{"url":"value","valueString":"true"}],"url":"http://hl7.org/fhir/tools/StructureDefinition/ig-parameter"}],"grouping":[{"id":"-str-logicalmodel","name":"Structures: Logical Models","description":"These define data models that represent the domain covered by this implementation guide in more business-friendly terms than the underlying FHIR resources."},{"id":"-str-profile","name":"Structures: Resource Profiles","description":"These define constraints on FHIR resources for systems conforming to this implementation guide"},{"id":"-str-datatype","name":"Structures: Data Type Profiles","description":"These define constraints on FHIR data types for systems conforming to this implementation guide"},{"id":"-term-valueset","name":"Terminology: Value Sets","description":"These define sets of codes used by systems conforming to this implementation guide"},{"id":"-term-codesystem","name":"Terminology: Code Systems","description":"These define new code systems used by systems conforming to this implementation guide"},{"id":"-ex-example","name":"Example: Example Instances","description":"These are example instances that show what data produced and consumed by systems conforming with this implementation guide might look like"}],"resource":[{"extension":[{"url":"http://hl7.org/fhir/StructureDefinition/implementationguide-page","valueUri":"StructureDefinition-CD.html"}],"reference":{"reference":"StructureDefinition/CD"},"name":"CD","description":"Concept descriptor","isExample":false,"groupingId":"-str-datatype"},{"extension":[{"url":"http://hl7.org/fhir/StructureDefinition/implementationguide-page","valueUri":"StructureDefinition-DT.html"}],"reference":{"reference":"StructureDefinition/DT"},"name":"DT","description":"Date","isExample":false,"groupingId":"-str-datatype"},{"extension":[{"url":"http://hl7.org/fhir/StructureDefinition/implementationguide-page","valueUri":"StructureDefinition-II.html"}],"reference":{"reference":"StructureDefinition/II"},"name":"II","description":"Instance Identifier","isExample":false,"groupingId":"-str-datatype"},{"extension":[{"url":"http://hl7.org/fhir/StructureDefinition/implementationguide-page","valueUri":"StructureDefinition-PPLAdministrableProductDefinition.html"}],"reference":{"reference":"StructureDefinition/PPLAdministrableProductDefinition"},"name":"PPL Administrable Product profile","description":"Administrable product profile defines the ISO IDMP Pharmaceutical Product concept","isExample":false,"groupingId":"-str-profile"},{"extension":[{"url":"http://hl7.org/fhir/StructureDefinition/implementationguide-page","valueUri":"StructureDefinition-PPLIngredient.html"}],"reference":{"reference":"StructureDefinition/PPLIngredient"},"name":"PPL Ingredient profile","description":"Ingredient for the medicinal product, pharmaceutical product and/or manufactured item","isExample":false,"groupingId":"-str-profile"},{"extension":[{"url":"http://hl7.org/fhir/StructureDefinition/implementationguide-page","valueUri":"StructureDefinition-PPLManufacturedItemDefinition.html"}],"reference":{"reference":"StructureDefinition/PPLManufacturedItemDefinition"},"name":"PPL Manufactured Item profile","description":"Manufactured item is the countable element inside the package","isExample":false,"groupingId":"-str-profile"},{"extension":[{"url":"http://hl7.org/fhir/StructureDefinition/implementationguide-page","valueUri":"StructureDefinition-PPLMedicinalProductDefinition.html"}],"reference":{"reference":"StructureDefinition/PPLMedicinalProductDefinition"},"name":"PPL Medicinal Product profile","description":"Medicinal Product as defined in ISO IDMP","isExample":false,"groupingId":"-str-profile"},{"extension":[{"url":"http://hl7.org/fhir/StructureDefinition/implementationguide-page","valueUri":"StructureDefinition-PPLOrganization.html"}],"reference":{"reference":"StructureDefinition/PPLOrganization"},"name":"PPL Organization","description":"Organization","isExample":false,"groupingId":"-str-profile"},{"extension":[{"url":"http://hl7.org/fhir/StructureDefinition/implementationguide-page","valueUri":"StructureDefinition-PPLPackagedProductDefinition.html"}],"reference":{"reference":"StructureDefinition/PPLPackagedProductDefinition"},"name":"PPL Packaged Product profile","description":"Packaged Product","isExample":false,"groupingId":"-str-profile"},{"extension":[{"url":"http://hl7.org/fhir/StructureDefinition/implementationguide-page","valueUri":"StructureDefinition-PPLRegulatedAuthorization.html"}],"reference":{"reference":"StructureDefinition/PPLRegulatedAuthorization"},"name":"PPL Marketing Authorisation profile","description":"Regulated Authorization profile defines the Marketing Authorisation on product or package level","isExample":false,"groupingId":"-str-profile"},{"extension":[{"url":"http://hl7.org/fhir/StructureDefinition/implementationguide-page","valueUri":"StructureDefinition-QT.html"}],"reference":{"reference":"StructureDefinition/QT"},"name":"QT","description":"Quantity","isExample":false,"groupingId":"-str-datatype"},{"extension":[{"url":"http://hl7.org/fhir/StructureDefinition/implementationguide-page","valueUri":"StructureDefinition-ST.html"}],"reference":{"reference":"StructureDefinition/ST"},"name":"ST","description":"String","isExample":false,"groupingId":"-str-datatype"},{"extension":[{"url":"http://hl7.org/fhir/StructureDefinition/implementationguide-page","valueUri":"StructureDefinition-TS.html"}],"reference":{"reference":"StructureDefinition/TS"},"name":"TS","description":"Time stamp","isExample":false,"groupingId":"-str-datatype"},{"extension":[{"url":"http://hl7.org/fhir/StructureDefinition/implementationguide-page","valueUri":"StructureDefinition-class.html"}],"reference":{"reference":"StructureDefinition/class"},"name":"class","description":"Class of data elements","isExample":false,"groupingId":"-str-datatype"},{"extension":[{"url":"http://hl7.org/fhir/StructureDefinition/implementationguide-page","valueUri":"StructureDefinition-untyped.html"}],"reference":{"reference":"StructureDefinition/untyped"},"name":"untyped","description":"No data type defined","isExample":false,"groupingId":"-str-datatype"},{"extension":[{"url":"http://hl7.org/fhir/StructureDefinition/implementationguide-page","valueUri":"StructureDefinition-FullMedicinalProduct.html"}],"reference":{"reference":"StructureDefinition/FullMedicinalProduct"},"name":"Medicinal Product","description":"Medicinal Product","isExample":false,"groupingId":"-str-logicalmodel"},{"extension":[{"url":"http://hl7.org/fhir/StructureDefinition/implementationguide-page","valueUri":"ValueSet-all-units-vs.html"}],"reference":{"reference":"ValueSet/all-units-vs"},"name":"All Units Combined","description":"Value set for presentation strength denominator unit, combines units of measurement and units of presentation.","isExample":false,"groupingId":"-term-valueset"},{"extension":[{"url":"http://hl7.org/fhir/StructureDefinition/implementationguide-page","valueUri":"ValueSet-authorised-doseform-vs.html"}],"reference":{"reference":"ValueSet/authorised-doseform-vs"},"name":"Authorised Dose Form","description":"Value set for authorised dose form. Combines 4 SPOR/EDQM lists: Pharmaceutical dose form, Combined pharmaceutical dose form, Combined term, Combination package.","isExample":false,"groupingId":"-term-valueset"},{"extension":[{"url":"http://hl7.org/fhir/StructureDefinition/implementationguide-page","valueUri":"CodeSystem-combination-package-ema-cs.html"}],"reference":{"reference":"CodeSystem/combination-package-ema-cs"},"name":"Combination Package EMA","description":"Dose forms for combination packages. Based on EDQM. Re-coded with RMS codes. Only used for authorised dose form.","isExample":false,"groupingId":"-term-codesystem"},{"extension":[{"url":"http://hl7.org/fhir/StructureDefinition/implementationguide-page","valueUri":"CodeSystem-combined-pharmaceutical-dose-form-ema-cs.html"}],"reference":{"reference":"CodeSystem/combined-pharmaceutical-dose-form-ema-cs"},"name":"Combined Pharmaceutical Dose Form EMA","description":"Combined Pharmaceutical Dose Form. Based on EDQM. Re-coded with RMS codes. Used only for authorised dose form.","isExample":false,"groupingId":"-term-codesystem"},{"extension":[{"url":"http://hl7.org/fhir/StructureDefinition/implementationguide-page","valueUri":"CodeSystem-combined-term-ema-cs.html"}],"reference":{"reference":"CodeSystem/combined-term-ema-cs"},"name":"Combined Term EMA","description":"Combined Term. Based on EDQM. Re-coded with RMS codes. Only used for authorised dose form.","isExample":false,"groupingId":"-term-codesystem"},{"extension":[{"url":"http://hl7.org/fhir/StructureDefinition/implementationguide-page","valueUri":"CodeSystem-pharmaceutical-dose-form-ema-cs.html"}],"reference":{"reference":"CodeSystem/pharmaceutical-dose-form-ema-cs"},"name":"Pharmaceutical Dose Form EMA","description":"Pharmaceutical dose form. Based on EDQM, re-coded with RMS codes.","isExample":false,"groupingId":"-term-codesystem"},{"extension":[{"url":"http://hl7.org/fhir/StructureDefinition/implementationguide-page","valueUri":"CodeSystem-unit-of-measurement-ema-cs.html"}],"reference":{"reference":"CodeSystem/unit-of-measurement-ema-cs"},"name":"Unit of Measurement EMA","description":"Unit of Measurement. Based on UCUM. Re-coded with RMS codes.","isExample":false,"groupingId":"-term-codesystem"},{"extension":[{"url":"http://hl7.org/fhir/StructureDefinition/implementationguide-page","valueUri":"CodeSystem-unit-of-presentation-ema-cs.html"}],"reference":{"reference":"CodeSystem/unit-of-presentation-ema-cs"},"name":"Unit of Presentation EMA","description":"Unit of presentation list from EMA SPOR. List id 200000000014. Content based on EDQM, re-coded with RMS codes.","isExample":false,"groupingId":"-term-codesystem"},{"extension":[{"url":"http://hl7.org/fhir/StructureDefinition/implementationguide-page","valueUri":"AdministrableProductDefinition-Agen-5mg-Tablet-EE-APD.html"}],"reference":{"reference":"AdministrableProductDefinition/Agen-5mg-Tablet-EE-APD"},"name":"Agen-5mg-Tablet-EE-APD","profile":["https://hl7-eu.github.io/unicom-ig/branches/mpd-r5/StructureDefinition/PPLAdministrableProductDefinition"],"groupingId":"-ex-example"},{"extension":[{"url":"http://hl7.org/fhir/StructureDefinition/implementationguide-page","valueUri":"Bundle-Agen-5mg-Tablet-EE-B.html"}],"reference":{"reference":"Bundle/Agen-5mg-Tablet-EE-B"},"name":"Agen-5mg-Tablet-EE-B","isExample":true,"groupingId":"-ex-example"},{"extension":[{"url":"http://hl7.org/fhir/StructureDefinition/implementationguide-page","valueUri":"Ingredient-Agen-5mg-Tablet-EE-I.html"}],"reference":{"reference":"Ingredient/Agen-5mg-Tablet-EE-I"},"name":"Agen-5mg-Tablet-EE-I","profile":["https://hl7-eu.github.io/unicom-ig/branches/mpd-r5/StructureDefinition/PPLIngredient"],"groupingId":"-ex-example"},{"extension":[{"url":"http://hl7.org/fhir/StructureDefinition/implementationguide-page","valueUri":"ManufacturedItemDefinition-Agen-5mg-Tablet-EE-MID.html"}],"reference":{"reference":"ManufacturedItemDefinition/Agen-5mg-Tablet-EE-MID"},"name":"Agen-5mg-Tablet-EE-MID","profile":["https://hl7-eu.github.io/unicom-ig/branches/mpd-r5/StructureDefinition/PPLManufacturedItemDefinition"],"groupingId":"-ex-example"},{"extension":[{"url":"http://hl7.org/fhir/StructureDefinition/implementationguide-page","valueUri":"MedicinalProductDefinition-Agen-5mg-Tablet-EE-MPD.html"}],"reference":{"reference":"MedicinalProductDefinition/Agen-5mg-Tablet-EE-MPD"},"name":"Agen-5mg-Tablet-EE-MPD","profile":["https://hl7-eu.github.io/unicom-ig/branches/mpd-r5/StructureDefinition/PPLMedicinalProductDefinition"],"groupingId":"-ex-example"},{"extension":[{"url":"http://hl7.org/fhir/StructureDefinition/implementationguide-page","valueUri":"PackagedProductDefinition-Agen-5mg-Tablet-EE-PPD-1109887-A.html"}],"reference":{"reference":"PackagedProductDefinition/Agen-5mg-Tablet-EE-PPD-1109887-A"},"name":"Agen-5mg-Tablet-EE-PPD-1109887-A","description":"Tabletid on pakendatud PVC/PVDC/Al blistritesse (valged).","profile":["https://hl7-eu.github.io/unicom-ig/branches/mpd-r5/StructureDefinition/PPLPackagedProductDefinition"],"groupingId":"-ex-example"},{"extension":[{"url":"http://hl7.org/fhir/StructureDefinition/implementationguide-page","valueUri":"PackagedProductDefinition-Agen-5mg-Tablet-EE-PPD-1109887-B.html"}],"reference":{"reference":"PackagedProductDefinition/Agen-5mg-Tablet-EE-PPD-1109887-B"},"name":"Agen-5mg-Tablet-EE-PPD-1109887-B","description":"Tabletid on pakendatud PVC/Al blistritesse (valged).","profile":["https://hl7-eu.github.io/unicom-ig/branches/mpd-r5/StructureDefinition/PPLPackagedProductDefinition"],"groupingId":"-ex-example"},{"extension":[{"url":"http://hl7.org/fhir/StructureDefinition/implementationguide-page","valueUri":"RegulatedAuthorization-Agen-5mg-Tablet-EE-RA.html"}],"reference":{"reference":"RegulatedAuthorization/Agen-5mg-Tablet-EE-RA"},"name":"Agen-5mg-Tablet-EE-RA","profile":["https://hl7-eu.github.io/unicom-ig/branches/mpd-r5/StructureDefinition/PPLRegulatedAuthorization"],"groupingId":"-ex-example"},{"extension":[{"url":"http://hl7.org/fhir/StructureDefinition/implementationguide-page","valueUri":"AdministrableProductDefinition-CanifugCremolum-100mg-Pessary-EE-APD.html"}],"reference":{"reference":"AdministrableProductDefinition/CanifugCremolum-100mg-Pessary-EE-APD"},"name":"CanifugCremolum-100mg-Pessary-EE-APD","profile":["https://hl7-eu.github.io/unicom-ig/branches/mpd-r5/StructureDefinition/PPLAdministrableProductDefinition"],"groupingId":"-ex-example"},{"extension":[{"url":"http://hl7.org/fhir/StructureDefinition/implementationguide-page","valueUri":"Ingredient-CanifugCremolum-100mg-Pessary-EE-I.html"}],"reference":{"reference":"Ingredient/CanifugCremolum-100mg-Pessary-EE-I"},"name":"CanifugCremolum-100mg-Pessary-EE-I","profile":["https://hl7-eu.github.io/unicom-ig/branches/mpd-r5/StructureDefinition/PPLIngredient"],"groupingId":"-ex-example"},{"extension":[{"url":"http://hl7.org/fhir/StructureDefinition/implementationguide-page","valueUri":"ManufacturedItemDefinition-CanifugCremolum-100mg-Pessary-EE-MID.html"}],"reference":{"reference":"ManufacturedItemDefinition/CanifugCremolum-100mg-Pessary-EE-MID"},"name":"CanifugCremolum-100mg-Pessary-EE-MID","profile":["https://hl7-eu.github.io/unicom-ig/branches/mpd-r5/StructureDefinition/PPLManufacturedItemDefinition"],"groupingId":"-ex-example"},{"extension":[{"url":"http://hl7.org/fhir/StructureDefinition/implementationguide-page","valueUri":"AdministrableProductDefinition-CanifugCremolum-10mg1g-Cream-EE-APD.html"}],"reference":{"reference":"AdministrableProductDefinition/CanifugCremolum-10mg1g-Cream-EE-APD"},"name":"CanifugCremolum-10mg1g-Cream-EE-APD","profile":["https://hl7-eu.github.io/unicom-ig/branches/mpd-r5/StructureDefinition/PPLAdministrableProductDefinition"],"groupingId":"-ex-example"},{"extension":[{"url":"http://hl7.org/fhir/StructureDefinition/implementationguide-page","valueUri":"Ingredient-CanifugCremolum-10mg1g-Cream-EE-I.html"}],"reference":{"reference":"Ingredient/CanifugCremolum-10mg1g-Cream-EE-I"},"name":"CanifugCremolum-10mg1g-Cream-EE-I","profile":["https://hl7-eu.github.io/unicom-ig/branches/mpd-r5/StructureDefinition/PPLIngredient"],"groupingId":"-ex-example"},{"extension":[{"url":"http://hl7.org/fhir/StructureDefinition/implementationguide-page","valueUri":"ManufacturedItemDefinition-CanifugCremolum-10mg1g-Cream-EE-MID.html"}],"reference":{"reference":"ManufacturedItemDefinition/CanifugCremolum-10mg1g-Cream-EE-MID"},"name":"CanifugCremolum-10mg1g-Cream-EE-MID","profile":["https://hl7-eu.github.io/unicom-ig/branches/mpd-r5/StructureDefinition/PPLManufacturedItemDefinition"],"groupingId":"-ex-example"},{"extension":[{"url":"http://hl7.org/fhir/StructureDefinition/implementationguide-page","valueUri":"MedicinalProductDefinition-CanifugCremolum-EE-MPD.html"}],"reference":{"reference":"MedicinalProductDefinition/CanifugCremolum-EE-MPD"},"name":"CanifugCremolum-EE-MPD","profile":["https://hl7-eu.github.io/unicom-ig/branches/mpd-r5/StructureDefinition/PPLMedicinalProductDefinition"],"groupingId":"-ex-example"},{"extension":[{"url":"http://hl7.org/fhir/StructureDefinition/implementationguide-page","valueUri":"PackagedProductDefinition-CanifugCremolum-EE-PPD-1033692.html"}],"reference":{"reference":"PackagedProductDefinition/CanifugCremolum-EE-PPD-1033692"},"name":"CanifugCremolum-EE-PPD-1033692","description":"Alu/PE-fooliumist valmistatud ribapakend, mis on asetatud väliskarpi. Kreem on alumiiniumtuubis ja omakorda pappkarbis. Kombineeritud pakend sisaldab: 6 vaginaalsuposiiti ja 20 g kreemi","profile":["https://hl7-eu.github.io/unicom-ig/branches/mpd-r5/StructureDefinition/PPLPackagedProductDefinition"],"groupingId":"-ex-example"},{"extension":[{"url":"http://hl7.org/fhir/StructureDefinition/implementationguide-page","valueUri":"RegulatedAuthorization-CanifugCremolum-EE-RA.html"}],"reference":{"reference":"RegulatedAuthorization/CanifugCremolum-EE-RA"},"name":"CanifugCremolum-EE-RA","profile":["https://hl7-eu.github.io/unicom-ig/branches/mpd-r5/StructureDefinition/PPLRegulatedAuthorization"],"groupingId":"-ex-example"},{"extension":[{"url":"http://hl7.org/fhir/StructureDefinition/implementationguide-page","valueUri":"AdministrableProductDefinition-Cefuroxime-MIP-1500mg-EE-APD.html"}],"reference":{"reference":"AdministrableProductDefinition/Cefuroxime-MIP-1500mg-EE-APD"},"name":"Cefuroxime-MIP-1500mg-EE-APD","profile":["https://hl7-eu.github.io/unicom-ig/branches/mpd-r5/StructureDefinition/PPLAdministrableProductDefinition"],"groupingId":"-ex-example"},{"extension":[{"url":"http://hl7.org/fhir/StructureDefinition/implementationguide-page","valueUri":"Ingredient-Cefuroxime-MIP-1500mg-EE-I.html"}],"reference":{"reference":"Ingredient/Cefuroxime-MIP-1500mg-EE-I"},"name":"Cefuroxime-MIP-1500mg-EE-I","isExample":true,"groupingId":"-ex-example"},{"extension":[{"url":"http://hl7.org/fhir/StructureDefinition/implementationguide-page","valueUri":"ManufacturedItemDefinition-Cefuroxime-MIP-1500mg-EE-MID.html"}],"reference":{"reference":"ManufacturedItemDefinition/Cefuroxime-MIP-1500mg-EE-MID"},"name":"Cefuroxime-MIP-1500mg-EE-MID","profile":["https://hl7-eu.github.io/unicom-ig/branches/mpd-r5/StructureDefinition/PPLManufacturedItemDefinition"],"groupingId":"-ex-example"},{"extension":[{"url":"http://hl7.org/fhir/StructureDefinition/implementationguide-page","valueUri":"MedicinalProductDefinition-Cefuroxime-MIP-1500mg-EE-MPD.html"}],"reference":{"reference":"MedicinalProductDefinition/Cefuroxime-MIP-1500mg-EE-MPD"},"name":"Cefuroxime-MIP-1500mg-EE-MPD","profile":["https://hl7-eu.github.io/unicom-ig/branches/mpd-r5/StructureDefinition/PPLMedicinalProductDefinition"],"groupingId":"-ex-example"},{"extension":[{"url":"http://hl7.org/fhir/StructureDefinition/implementationguide-page","valueUri":"PackagedProductDefinition-Cefuroxime-MIP-1500mg-EE-PPD-1529940.html"}],"reference":{"reference":"PackagedProductDefinition/Cefuroxime-MIP-1500mg-EE-PPD-1529940"},"name":"Cefuroxime-MIP-1500mg-EE-PPD-1529940","description":"I tüüpi klaasist viaal, mis on suletud klorobutüülkummist korgi ning flip-off kattega, 1 viaal","profile":["https://hl7-eu.github.io/unicom-ig/branches/mpd-r5/StructureDefinition/PPLPackagedProductDefinition"],"groupingId":"-ex-example"},{"extension":[{"url":"http://hl7.org/fhir/StructureDefinition/implementationguide-page","valueUri":"PackagedProductDefinition-Cefuroxime-MIP-1500mg-EE-PPD-1529962.html"}],"reference":{"reference":"PackagedProductDefinition/Cefuroxime-MIP-1500mg-EE-PPD-1529962"},"name":"Cefuroxime-MIP-1500mg-EE-PPD-1529962","description":"I tüüpi klaasist viaal, mis on suletud klorobutüülkummist korgi ning flip-off kattega, 10 viaali","profile":["https://hl7-eu.github.io/unicom-ig/branches/mpd-r5/StructureDefinition/PPLPackagedProductDefinition"],"groupingId":"-ex-example"},{"extension":[{"url":"http://hl7.org/fhir/StructureDefinition/implementationguide-page","valueUri":"RegulatedAuthorization-Cefuroxime-MIP-1500mg-EE-RA.html"}],"reference":{"reference":"RegulatedAuthorization/Cefuroxime-MIP-1500mg-EE-RA"},"name":"Cefuroxime-MIP-1500mg-EE-RA","profile":["https://hl7-eu.github.io/unicom-ig/branches/mpd-r5/StructureDefinition/PPLRegulatedAuthorization"],"groupingId":"-ex-example"},{"extension":[{"url":"http://hl7.org/fhir/StructureDefinition/implementationguide-page","valueUri":"Organization-LOC-100002580-Zentiva.html"}],"reference":{"reference":"Organization/LOC-100002580-Zentiva"},"name":"LOC-100002580-Zentiva","profile":["https://hl7-eu.github.io/unicom-ig/branches/mpd-r5/StructureDefinition/PPLOrganization"],"groupingId":"-ex-example"},{"extension":[{"url":"http://hl7.org/fhir/StructureDefinition/implementationguide-page","valueUri":"Organization-LOC-100004795-Wolff-Arzneimittel.html"}],"reference":{"reference":"Organization/LOC-100004795-Wolff-Arzneimittel"},"name":"LOC-100004795-Wolff-Arzneimittel","profile":["https://hl7-eu.github.io/unicom-ig/branches/mpd-r5/StructureDefinition/PPLOrganization"],"groupingId":"-ex-example"},{"extension":[{"url":"http://hl7.org/fhir/StructureDefinition/implementationguide-page","valueUri":"Organization-LOC-100009199-Mip.html"}],"reference":{"reference":"Organization/LOC-100009199-Mip"},"name":"LOC-100009199-Mip","profile":["https://hl7-eu.github.io/unicom-ig/branches/mpd-r5/StructureDefinition/PPLOrganization"],"groupingId":"-ex-example"}],"page":{"sourceUrl":"toc.html","name":"toc.html","title":"Table of Contents","generation":"html","page":[{"sourceUrl":"index.html","name":"index.html","title":"Home","generation":"html"},{"sourceUrl":"artifacts.html","name":"artifacts.html","title":"Artifacts Summary","generation":"html","page":[{"sourceUrl":"StructureDefinition-FullMedicinalProduct.html","name":"StructureDefinition-FullMedicinalProduct.html","title":"Medicinal Product","generation":"generated"},{"sourceUrl":"StructureDefinition-PPLAdministrableProductDefinition.html","name":"StructureDefinition-PPLAdministrableProductDefinition.html","title":"PPL Administrable Product profile","generation":"generated"},{"sourceUrl":"StructureDefinition-PPLIngredient.html","name":"StructureDefinition-PPLIngredient.html","title":"PPL Ingredient profile","generation":"generated"},{"sourceUrl":"StructureDefinition-PPLManufacturedItemDefinition.html","name":"StructureDefinition-PPLManufacturedItemDefinition.html","title":"PPL Manufactured Item profile","generation":"generated"},{"sourceUrl":"StructureDefinition-PPLMedicinalProductDefinition.html","name":"StructureDefinition-PPLMedicinalProductDefinition.html","title":"PPL Medicinal Product profile","generation":"generated"},{"sourceUrl":"StructureDefinition-PPLOrganization.html","name":"StructureDefinition-PPLOrganization.html","title":"PPL Organization","generation":"generated"},{"sourceUrl":"StructureDefinition-PPLPackagedProductDefinition.html","name":"StructureDefinition-PPLPackagedProductDefinition.html","title":"PPL Packaged Product profile","generation":"generated"},{"sourceUrl":"StructureDefinition-PPLRegulatedAuthorization.html","name":"StructureDefinition-PPLRegulatedAuthorization.html","title":"PPL Marketing Authorisation profile","generation":"generated"},{"sourceUrl":"StructureDefinition-CD.html","name":"StructureDefinition-CD.html","title":"CD","generation":"generated"},{"sourceUrl":"StructureDefinition-DT.html","name":"StructureDefinition-DT.html","title":"DT","generation":"generated"},{"sourceUrl":"StructureDefinition-II.html","name":"StructureDefinition-II.html","title":"II","generation":"generated"},{"sourceUrl":"StructureDefinition-QT.html","name":"StructureDefinition-QT.html","title":"QT","generation":"generated"},{"sourceUrl":"StructureDefinition-ST.html","name":"StructureDefinition-ST.html","title":"ST","generation":"generated"},{"sourceUrl":"StructureDefinition-TS.html","name":"StructureDefinition-TS.html","title":"TS","generation":"generated"},{"sourceUrl":"StructureDefinition-class.html","name":"StructureDefinition-class.html","title":"class","generation":"generated"},{"sourceUrl":"StructureDefinition-untyped.html","name":"StructureDefinition-untyped.html","title":"untyped","generation":"generated"},{"sourceUrl":"ValueSet-all-units-vs.html","name":"ValueSet-all-units-vs.html","title":"All Units Combined","generation":"generated"},{"sourceUrl":"ValueSet-authorised-doseform-vs.html","name":"ValueSet-authorised-doseform-vs.html","title":"Authorised Dose Form","generation":"generated"},{"sourceUrl":"CodeSystem-combination-package-ema-cs.html","name":"CodeSystem-combination-package-ema-cs.html","title":"Combination Package EMA","generation":"generated"},{"sourceUrl":"CodeSystem-combined-pharmaceutical-dose-form-ema-cs.html","name":"CodeSystem-combined-pharmaceutical-dose-form-ema-cs.html","title":"Combined Pharmaceutical Dose Form EMA","generation":"generated"},{"sourceUrl":"CodeSystem-combined-term-ema-cs.html","name":"CodeSystem-combined-term-ema-cs.html","title":"Combined Term EMA","generation":"generated"},{"sourceUrl":"CodeSystem-pharmaceutical-dose-form-ema-cs.html","name":"CodeSystem-pharmaceutical-dose-form-ema-cs.html","title":"Pharmaceutical Dose Form EMA","generation":"generated"},{"sourceUrl":"CodeSystem-unit-of-measurement-ema-cs.html","name":"CodeSystem-unit-of-measurement-ema-cs.html","title":"Unit of Measurement EMA","generation":"generated"},{"sourceUrl":"CodeSystem-unit-of-presentation-ema-cs.html","name":"CodeSystem-unit-of-presentation-ema-cs.html","title":"Unit of Presentation EMA","generation":"generated"},{"sourceUrl":"AdministrableProductDefinition-Agen-5mg-Tablet-EE-APD.html","name":"AdministrableProductDefinition-Agen-5mg-Tablet-EE-APD.html","title":"Agen-5mg-Tablet-EE-APD","generation":"generated"},{"sourceUrl":"Bundle-Agen-5mg-Tablet-EE-B.html","name":"Bundle-Agen-5mg-Tablet-EE-B.html","title":"Agen-5mg-Tablet-EE-B","generation":"generated"},{"sourceUrl":"Ingredient-Agen-5mg-Tablet-EE-I.html","name":"Ingredient-Agen-5mg-Tablet-EE-I.html","title":"Agen-5mg-Tablet-EE-I","generation":"generated"},{"sourceUrl":"ManufacturedItemDefinition-Agen-5mg-Tablet-EE-MID.html","name":"ManufacturedItemDefinition-Agen-5mg-Tablet-EE-MID.html","title":"Agen-5mg-Tablet-EE-MID","generation":"generated"},{"sourceUrl":"MedicinalProductDefinition-Agen-5mg-Tablet-EE-MPD.html","name":"MedicinalProductDefinition-Agen-5mg-Tablet-EE-MPD.html","title":"Agen-5mg-Tablet-EE-MPD","generation":"generated"},{"sourceUrl":"PackagedProductDefinition-Agen-5mg-Tablet-EE-PPD-1109887-A.html","name":"PackagedProductDefinition-Agen-5mg-Tablet-EE-PPD-1109887-A.html","title":"Agen-5mg-Tablet-EE-PPD-1109887-A","generation":"generated"},{"sourceUrl":"PackagedProductDefinition-Agen-5mg-Tablet-EE-PPD-1109887-B.html","name":"PackagedProductDefinition-Agen-5mg-Tablet-EE-PPD-1109887-B.html","title":"Agen-5mg-Tablet-EE-PPD-1109887-B","generation":"generated"},{"sourceUrl":"RegulatedAuthorization-Agen-5mg-Tablet-EE-RA.html","name":"RegulatedAuthorization-Agen-5mg-Tablet-EE-RA.html","title":"Agen-5mg-Tablet-EE-RA","generation":"generated"},{"sourceUrl":"AdministrableProductDefinition-CanifugCremolum-100mg-Pessary-EE-APD.html","name":"AdministrableProductDefinition-CanifugCremolum-100mg-Pessary-EE-APD.html","title":"CanifugCremolum-100mg-Pessary-EE-APD","generation":"generated"},{"sourceUrl":"Ingredient-CanifugCremolum-100mg-Pessary-EE-I.html","name":"Ingredient-CanifugCremolum-100mg-Pessary-EE-I.html","title":"CanifugCremolum-100mg-Pessary-EE-I","generation":"generated"},{"sourceUrl":"ManufacturedItemDefinition-CanifugCremolum-100mg-Pessary-EE-MID.html","name":"ManufacturedItemDefinition-CanifugCremolum-100mg-Pessary-EE-MID.html","title":"CanifugCremolum-100mg-Pessary-EE-MID","generation":"generated"},{"sourceUrl":"AdministrableProductDefinition-CanifugCremolum-10mg1g-Cream-EE-APD.html","name":"AdministrableProductDefinition-CanifugCremolum-10mg1g-Cream-EE-APD.html","title":"CanifugCremolum-10mg1g-Cream-EE-APD","generation":"generated"},{"sourceUrl":"Ingredient-CanifugCremolum-10mg1g-Cream-EE-I.html","name":"Ingredient-CanifugCremolum-10mg1g-Cream-EE-I.html","title":"CanifugCremolum-10mg1g-Cream-EE-I","generation":"generated"},{"sourceUrl":"ManufacturedItemDefinition-CanifugCremolum-10mg1g-Cream-EE-MID.html","name":"ManufacturedItemDefinition-CanifugCremolum-10mg1g-Cream-EE-MID.html","title":"CanifugCremolum-10mg1g-Cream-EE-MID","generation":"generated"},{"sourceUrl":"MedicinalProductDefinition-CanifugCremolum-EE-MPD.html","name":"MedicinalProductDefinition-CanifugCremolum-EE-MPD.html","title":"CanifugCremolum-EE-MPD","generation":"generated"},{"sourceUrl":"PackagedProductDefinition-CanifugCremolum-EE-PPD-1033692.html","name":"PackagedProductDefinition-CanifugCremolum-EE-PPD-1033692.html","title":"CanifugCremolum-EE-PPD-1033692","generation":"generated"},{"sourceUrl":"RegulatedAuthorization-CanifugCremolum-EE-RA.html","name":"RegulatedAuthorization-CanifugCremolum-EE-RA.html","title":"CanifugCremolum-EE-RA","generation":"generated"},{"sourceUrl":"AdministrableProductDefinition-Cefuroxime-MIP-1500mg-EE-APD.html","name":"AdministrableProductDefinition-Cefuroxime-MIP-1500mg-EE-APD.html","title":"Cefuroxime-MIP-1500mg-EE-APD","generation":"generated"},{"sourceUrl":"Ingredient-Cefuroxime-MIP-1500mg-EE-I.html","name":"Ingredient-Cefuroxime-MIP-1500mg-EE-I.html","title":"Cefuroxime-MIP-1500mg-EE-I","generation":"generated"},{"sourceUrl":"ManufacturedItemDefinition-Cefuroxime-MIP-1500mg-EE-MID.html","name":"ManufacturedItemDefinition-Cefuroxime-MIP-1500mg-EE-MID.html","title":"Cefuroxime-MIP-1500mg-EE-MID","generation":"generated"},{"sourceUrl":"MedicinalProductDefinition-Cefuroxime-MIP-1500mg-EE-MPD.html","name":"MedicinalProductDefinition-Cefuroxime-MIP-1500mg-EE-MPD.html","title":"Cefuroxime-MIP-1500mg-EE-MPD","generation":"generated"},{"sourceUrl":"PackagedProductDefinition-Cefuroxime-MIP-1500mg-EE-PPD-1529940.html","name":"PackagedProductDefinition-Cefuroxime-MIP-1500mg-EE-PPD-1529940.html","title":"Cefuroxime-MIP-1500mg-EE-PPD-1529940","generation":"generated"},{"sourceUrl":"PackagedProductDefinition-Cefuroxime-MIP-1500mg-EE-PPD-1529962.html","name":"PackagedProductDefinition-Cefuroxime-MIP-1500mg-EE-PPD-1529962.html","title":"Cefuroxime-MIP-1500mg-EE-PPD-1529962","generation":"generated"},{"sourceUrl":"RegulatedAuthorization-Cefuroxime-MIP-1500mg-EE-RA.html","name":"RegulatedAuthorization-Cefuroxime-MIP-1500mg-EE-RA.html","title":"Cefuroxime-MIP-1500mg-EE-RA","generation":"generated"},{"sourceUrl":"Organization-LOC-100002580-Zentiva.html","name":"Organization-LOC-100002580-Zentiva.html","title":"LOC-100002580-Zentiva","generation":"generated"},{"sourceUrl":"Organization-LOC-100004795-Wolff-Arzneimittel.html","name":"Organization-LOC-100004795-Wolff-Arzneimittel.html","title":"LOC-100004795-Wolff-Arzneimittel","generation":"generated"},{"sourceUrl":"Organization-LOC-100009199-Mip.html","name":"Organization-LOC-100009199-Mip.html","title":"LOC-100009199-Mip","generation":"generated"}]}]},"parameter":[{"code":{"system":"http://hl7.org/fhir/guide-parameter-code","code":"path-resource"},"value":"input/capabilities"},{"code":{"system":"http://hl7.org/fhir/guide-parameter-code","code":"path-resource"},"value":"input/examples"},{"code":{"system":"http://hl7.org/fhir/guide-parameter-code","code":"path-resource"},"value":"input/extensions"},{"code":{"system":"http://hl7.org/fhir/guide-parameter-code","code":"path-resource"},"value":"input/models"},{"code":{"system":"http://hl7.org/fhir/guide-parameter-code","code":"path-resource"},"value":"input/operations"},{"code":{"system":"http://hl7.org/fhir/guide-parameter-code","code":"path-resource"},"value":"input/profiles"},{"code":{"system":"http://hl7.org/fhir/guide-parameter-code","code":"path-resource"},"value":"input/resources"},{"code":{"system":"http://hl7.org/fhir/guide-parameter-code","code":"path-resource"},"value":"input/vocabulary"},{"code":{"system":"http://hl7.org/fhir/guide-parameter-code","code":"path-resource"},"value":"input/maps"},{"code":{"system":"http://hl7.org/fhir/guide-parameter-code","code":"path-resource"},"value":"input/testing"},{"code":{"system":"http://hl7.org/fhir/guide-parameter-code","code":"path-resource"},"value":"input/history"},{"code":{"system":"http://hl7.org/fhir/guide-parameter-code","code":"path-resource"},"value":"fsh-generated/resources"},{"code":{"system":"http://hl7.org/fhir/guide-parameter-code","code":"path-pages"},"value":"template/config"},{"code":{"system":"http://hl7.org/fhir/guide-parameter-code","code":"path-pages"},"value":"input/images"},{"code":{"system":"http://hl7.org/fhir/guide-parameter-code","code":"path-tx-cache"},"value":"input-cache/txcache"},{"code":{"system":"http://hl7.org/fhir/tools/CodeSystem/ig-parameters","code":"copyrightyear"},"value":"2022+"},{"code":{"system":"http://hl7.org/fhir/tools/CodeSystem/ig-parameters","code":"releaselabel"},"value":"ci-build"},{"code":{"system":"http://hl7.org/fhir/tools/CodeSystem/ig-parameters","code":"autoload-resources"},"value":"true"},{"code":{"system":"http://hl7.org/fhir/tools/CodeSystem/ig-parameters","code":"path-liquid"},"value":"template/liquid"},{"code":{"system":"http://hl7.org/fhir/tools/CodeSystem/ig-parameters","code":"path-liquid"},"value":"input/liquid"},{"code":{"system":"http://hl7.org/fhir/tools/CodeSystem/ig-parameters","code":"path-qa"},"value":"temp/qa"},{"code":{"system":"http://hl7.org/fhir/tools/CodeSystem/ig-parameters","code":"path-temp"},"value":"temp/pages"},{"code":{"system":"http://hl7.org/fhir/tools/CodeSystem/ig-parameters","code":"path-output"},"value":"output"},{"code":{"system":"http://hl7.org/fhir/tools/CodeSystem/ig-parameters","code":"path-suppressed-warnings"},"value":"input/ignoreWarnings.txt"},{"code":{"system":"http://hl7.org/fhir/tools/CodeSystem/ig-parameters","code":"path-history"},"value":"https://hl7-eu.github.io/unicom-ig/branches/mpd-r5/history.html"},{"code":{"system":"http://hl7.org/fhir/tools/CodeSystem/ig-parameters","code":"template-html"},"value":"template-page.html"},{"code":{"system":"http://hl7.org/fhir/tools/CodeSystem/ig-parameters","code":"template-md"},"value":"template-page-md.html"},{"code":{"system":"http://hl7.org/fhir/tools/CodeSystem/ig-parameters","code":"apply-contact"},"value":"true"},{"code":{"system":"http://hl7.org/fhir/tools/CodeSystem/ig-parameters","code":"apply-context"},"value":"true"},{"code":{"system":"http://hl7.org/fhir/tools/CodeSystem/ig-parameters","code":"apply-copyright"},"value":"true"},{"code":{"system":"http://hl7.org/fhir/tools/CodeSystem/ig-parameters","code":"apply-jurisdiction"},"value":"true"},{"code":{"system":"http://hl7.org/fhir/tools/CodeSystem/ig-parameters","code":"apply-license"},"value":"true"},{"code":{"system":"http://hl7.org/fhir/tools/CodeSystem/ig-parameters","code":"apply-publisher"},"value":"true"},{"code":{"system":"http://hl7.org/fhir/tools/CodeSystem/ig-parameters","code":"apply-version"},"value":"true"},{"code":{"system":"http://hl7.org/fhir/tools/CodeSystem/ig-parameters","code":"active-tables"},"value":"true"},{"code":{"system":"http://hl7.org/fhir/tools/CodeSystem/ig-parameters","code":"fmm-definition"},"value":"http://hl7.org/fhir/versions.html#maturity"},{"code":{"system":"http://hl7.org/fhir/tools/CodeSystem/ig-parameters","code":"propagate-status"},"value":"true"},{"code":{"system":"http://hl7.org/fhir/tools/CodeSystem/ig-parameters","code":"excludelogbinaryformat"},"value":"true"},{"code":{"system":"http://hl7.org/fhir/tools/CodeSystem/ig-parameters","code":"tabbed-snapshots"},"value":"true"},{"code":{"system":"http://hl7.org/fhir/tools/CodeSystem/ig-parameters","code":"copyrightyear"},"value":"2022+"},{"code":{"system":"http://hl7.org/fhir/tools/CodeSystem/ig-parameters","code":"releaselabel"},"value":"ci-build"},{"code":{"system":"http://hl7.org/fhir/tools/CodeSystem/ig-parameters","code":"autoload-resources"},"value":"true"},{"code":{"system":"http://hl7.org/fhir/tools/CodeSystem/ig-parameters","code":"path-liquid"},"value":"template/liquid"},{"code":{"system":"http://hl7.org/fhir/tools/CodeSystem/ig-parameters","code":"path-liquid"},"value":"input/liquid"},{"code":{"system":"http://hl7.org/fhir/tools/CodeSystem/ig-parameters","code":"path-qa"},"value":"temp/qa"},{"code":{"system":"http://hl7.org/fhir/tools/CodeSystem/ig-parameters","code":"path-temp"},"value":"temp/pages"},{"code":{"system":"http://hl7.org/fhir/tools/CodeSystem/ig-parameters","code":"path-output"},"value":"output"},{"code":{"system":"http://hl7.org/fhir/tools/CodeSystem/ig-parameters","code":"path-suppressed-warnings"},"value":"input/ignoreWarnings.txt"},{"code":{"system":"http://hl7.org/fhir/tools/CodeSystem/ig-parameters","code":"path-history"},"value":"https://hl7-eu.github.io/unicom-ig/branches/mpd-r5/history.html"},{"code":{"system":"http://hl7.org/fhir/tools/CodeSystem/ig-parameters","code":"template-html"},"value":"template-page.html"},{"code":{"system":"http://hl7.org/fhir/tools/CodeSystem/ig-parameters","code":"template-md"},"value":"template-page-md.html"},{"code":{"system":"http://hl7.org/fhir/tools/CodeSystem/ig-parameters","code":"apply-contact"},"value":"true"},{"code":{"system":"http://hl7.org/fhir/tools/CodeSystem/ig-parameters","code":"apply-context"},"value":"true"},{"code":{"system":"http://hl7.org/fhir/tools/CodeSystem/ig-parameters","code":"apply-copyright"},"value":"true"},{"code":{"system":"http://hl7.org/fhir/tools/CodeSystem/ig-parameters","code":"apply-jurisdiction"},"value":"true"},{"code":{"system":"http://hl7.org/fhir/tools/CodeSystem/ig-parameters","code":"apply-license"},"value":"true"},{"code":{"system":"http://hl7.org/fhir/tools/CodeSystem/ig-parameters","code":"apply-publisher"},"value":"true"},{"code":{"system":"http://hl7.org/fhir/tools/CodeSystem/ig-parameters","code":"apply-version"},"value":"true"},{"code":{"system":"http://hl7.org/fhir/tools/CodeSystem/ig-parameters","code":"active-tables"},"value":"true"},{"code":{"system":"http://hl7.org/fhir/tools/CodeSystem/ig-parameters","code":"fmm-definition"},"value":"http://hl7.org/fhir/versions.html#maturity"},{"code":{"system":"http://hl7.org/fhir/tools/CodeSystem/ig-parameters","code":"propagate-status"},"value":"true"},{"code":{"system":"http://hl7.org/fhir/tools/CodeSystem/ig-parameters","code":"excludelogbinaryformat"},"value":"true"},{"code":{"system":"http://hl7.org/fhir/tools/CodeSystem/ig-parameters","code":"tabbed-snapshots"},"value":"true"}]}}