<?xml version="1.0" encoding="UTF-8"?><ImplementationGuide xmlns="http://hl7.org/fhir"><id value="hl7.eu.fhir.unicom"/><text><status value="extensions"/><div xmlns="http://www.w3.org/1999/xhtml"><h2>UnicomIG</h2><p>The official URL for this implementation guide is: </p><pre>http://unicom-project.eu/fhir/ImplementationGuide/hl7.eu.fhir.unicom</pre><div><p>UnicomIG</p>
</div></div></text><url value="http://unicom-project.eu/fhir/ImplementationGuide/hl7.eu.fhir.unicom"/><version value="0.1.0"/><name value="UnicomIG"/><title value="UnicomIG"/><status value="draft"/><date value="2022-10-30T22:13:17+00:00"/><publisher value="UNICOM"/><contact><name value="UNICOM"/><telecom><system value="url"/><value value="http://medigree.net"/></telecom></contact><description value="UnicomIG"/><packageId value="hl7.eu.fhir.unicom"/><license value="CC0-1.0"/><fhirVersion value="5.0.0-ballot"/><dependsOn id="hl7tx"><uri value="http://terminology.hl7.org/ImplementationGuide/hl7.terminology"/><packageId value="hl7.terminology.r5"/><version value="4.0.0"/></dependsOn><definition><extension url="http://hl7.org/fhir/tools/StructureDefinition/ig-parameter"><extension url="code"><valueString value="copyrightyear"/></extension><extension url="value"><valueString value="2022+"/></extension></extension><extension url="http://hl7.org/fhir/tools/StructureDefinition/ig-parameter"><extension url="code"><valueString value="releaselabel"/></extension><extension url="value"><valueString value="ci-build"/></extension></extension><extension url="http://hl7.org/fhir/tools/StructureDefinition/ig-parameter"><extension url="code"><valueString value="autoload-resources"/></extension><extension url="value"><valueString value="true"/></extension></extension><extension url="http://hl7.org/fhir/tools/StructureDefinition/ig-parameter"><extension url="code"><valueString value="path-liquid"/></extension><extension url="value"><valueString value="template/liquid"/></extension></extension><extension url="http://hl7.org/fhir/tools/StructureDefinition/ig-parameter"><extension url="code"><valueString value="path-liquid"/></extension><extension url="value"><valueString value="input/liquid"/></extension></extension><extension url="http://hl7.org/fhir/tools/StructureDefinition/ig-parameter"><extension url="code"><valueString value="path-qa"/></extension><extension url="value"><valueString value="temp/qa"/></extension></extension><extension url="http://hl7.org/fhir/tools/StructureDefinition/ig-parameter"><extension url="code"><valueString value="path-temp"/></extension><extension url="value"><valueString value="temp/pages"/></extension></extension><extension url="http://hl7.org/fhir/tools/StructureDefinition/ig-parameter"><extension url="code"><valueString value="path-output"/></extension><extension url="value"><valueString value="output"/></extension></extension><extension url="http://hl7.org/fhir/tools/StructureDefinition/ig-parameter"><extension url="code"><valueString value="path-suppressed-warnings"/></extension><extension url="value"><valueString value="input/ignoreWarnings.txt"/></extension></extension><extension url="http://hl7.org/fhir/tools/StructureDefinition/ig-parameter"><extension url="code"><valueString value="path-history"/></extension><extension url="value"><valueString value="http://unicom-project.eu/fhir/history.html"/></extension></extension><extension url="http://hl7.org/fhir/tools/StructureDefinition/ig-parameter"><extension url="code"><valueString value="template-html"/></extension><extension url="value"><valueString value="template-page.html"/></extension></extension><extension url="http://hl7.org/fhir/tools/StructureDefinition/ig-parameter"><extension url="code"><valueString value="template-md"/></extension><extension url="value"><valueString value="template-page-md.html"/></extension></extension><extension url="http://hl7.org/fhir/tools/StructureDefinition/ig-parameter"><extension url="code"><valueString value="apply-contact"/></extension><extension url="value"><valueString value="true"/></extension></extension><extension url="http://hl7.org/fhir/tools/StructureDefinition/ig-parameter"><extension url="code"><valueString value="apply-context"/></extension><extension url="value"><valueString value="true"/></extension></extension><extension url="http://hl7.org/fhir/tools/StructureDefinition/ig-parameter"><extension url="code"><valueString value="apply-copyright"/></extension><extension url="value"><valueString value="true"/></extension></extension><extension url="http://hl7.org/fhir/tools/StructureDefinition/ig-parameter"><extension url="code"><valueString value="apply-jurisdiction"/></extension><extension url="value"><valueString value="true"/></extension></extension><extension url="http://hl7.org/fhir/tools/StructureDefinition/ig-parameter"><extension url="code"><valueString value="apply-license"/></extension><extension url="value"><valueString value="true"/></extension></extension><extension url="http://hl7.org/fhir/tools/StructureDefinition/ig-parameter"><extension url="code"><valueString value="apply-publisher"/></extension><extension url="value"><valueString value="true"/></extension></extension><extension url="http://hl7.org/fhir/tools/StructureDefinition/ig-parameter"><extension url="code"><valueString value="apply-version"/></extension><extension url="value"><valueString value="true"/></extension></extension><extension url="http://hl7.org/fhir/tools/StructureDefinition/ig-parameter"><extension url="code"><valueString value="active-tables"/></extension><extension url="value"><valueString value="true"/></extension></extension><extension url="http://hl7.org/fhir/tools/StructureDefinition/ig-parameter"><extension url="code"><valueString value="fmm-definition"/></extension><extension url="value"><valueString value="http://hl7.org/fhir/versions.html#maturity"/></extension></extension><extension url="http://hl7.org/fhir/tools/StructureDefinition/ig-parameter"><extension url="code"><valueString value="propagate-status"/></extension><extension url="value"><valueString value="true"/></extension></extension><extension url="http://hl7.org/fhir/tools/StructureDefinition/ig-parameter"><extension url="code"><valueString value="excludelogbinaryformat"/></extension><extension url="value"><valueString value="true"/></extension></extension><extension url="http://hl7.org/fhir/tools/StructureDefinition/ig-parameter"><extension url="code"><valueString value="tabbed-snapshots"/></extension><extension url="value"><valueString value="true"/></extension></extension><grouping id="-str-logicalmodel"><name value="Structures: Logical Models"/><description value="These define data models that represent the domain covered by this implementation guide in more business-friendly terms than the underlying FHIR resources."/></grouping><grouping id="-str-profile"><name value="Structures: Resource Profiles"/><description value="These define constraints on FHIR resources for systems conforming to this implementation guide"/></grouping><grouping id="-str-datatype"><name value="Structures: Data Type Profiles"/><description value="These define constraints on FHIR data types for systems conforming to this implementation guide"/></grouping><grouping id="-ex-example"><name value="Example: Example Instances"/><description value="These are example instances that show what data produced and consumed by systems conforming with this implementation guide might look like"/></grouping><resource><extension url="http://hl7.org/fhir/StructureDefinition/implementationguide-page"><valueUri value="StructureDefinition-CD.html"/></extension><reference><reference value="StructureDefinition/CD"/></reference><name value="CD"/><description value="Concept descriptor"/><isExample value="false"/><groupingId value="-str-datatype"/></resource><resource><extension url="http://hl7.org/fhir/StructureDefinition/implementationguide-page"><valueUri value="StructureDefinition-DT.html"/></extension><reference><reference value="StructureDefinition/DT"/></reference><name value="DT"/><description value="Date"/><isExample value="false"/><groupingId value="-str-datatype"/></resource><resource><extension url="http://hl7.org/fhir/StructureDefinition/implementationguide-page"><valueUri value="StructureDefinition-II.html"/></extension><reference><reference value="StructureDefinition/II"/></reference><name value="II"/><description value="Instance Identifier"/><isExample value="false"/><groupingId value="-str-datatype"/></resource><resource><extension url="http://hl7.org/fhir/StructureDefinition/implementationguide-page"><valueUri value="StructureDefinition-MPDBundle.html"/></extension><reference><reference value="StructureDefinition/MPDBundle"/></reference><name value="PPL Medicinal Product Bundle profile"/><description value="Medicinal product with all its relevant data as one bundle, including packages, MA and pharmaceutical product"/><isExample value="false"/><groupingId value="-str-profile"/></resource><resource><extension url="http://hl7.org/fhir/StructureDefinition/implementationguide-page"><valueUri value="StructureDefinition-PPLAdministrableProductDefinition.html"/></extension><reference><reference value="StructureDefinition/PPLAdministrableProductDefinition"/></reference><name value="PPL Administrable Product profile"/><description value="Administrable product profile defines the ISO IDMP Pharmaceutical Product concept"/><isExample value="false"/><groupingId value="-str-profile"/></resource><resource><extension url="http://hl7.org/fhir/StructureDefinition/implementationguide-page"><valueUri value="StructureDefinition-PPLIngredient.html"/></extension><reference><reference value="StructureDefinition/PPLIngredient"/></reference><name value="PPL Ingredient profile"/><description value="Ingredient for the medicinal product, pharmaceutical product and/or manufactured item"/><isExample value="false"/><groupingId value="-str-profile"/></resource><resource><extension url="http://hl7.org/fhir/StructureDefinition/implementationguide-page"><valueUri value="StructureDefinition-PPLManufacturedItemDefinition.html"/></extension><reference><reference value="StructureDefinition/PPLManufacturedItemDefinition"/></reference><name value="PPL Manufactured Item profile"/><description value="Manufactured item is the countable element inside the package"/><isExample value="false"/><groupingId value="-str-profile"/></resource><resource><extension url="http://hl7.org/fhir/StructureDefinition/implementationguide-page"><valueUri value="StructureDefinition-PPLMedicinalProductDefinition.html"/></extension><reference><reference value="StructureDefinition/PPLMedicinalProductDefinition"/></reference><name value="PPL Medicinal Product profile"/><description value="Medicinal Product as defined in ISO IDMP"/><isExample value="false"/><groupingId value="-str-profile"/></resource><resource><extension url="http://hl7.org/fhir/StructureDefinition/implementationguide-page"><valueUri value="StructureDefinition-PPLOrganization.html"/></extension><reference><reference value="StructureDefinition/PPLOrganization"/></reference><name value="PPL Organization"/><description value="Organization"/><isExample value="false"/><groupingId value="-str-profile"/></resource><resource><extension url="http://hl7.org/fhir/StructureDefinition/implementationguide-page"><valueUri value="StructureDefinition-PPLPackagedProductDefinition.html"/></extension><reference><reference value="StructureDefinition/PPLPackagedProductDefinition"/></reference><name value="PPL Packaged Product profile"/><description value="Packaged Product"/><isExample value="false"/><groupingId value="-str-profile"/></resource><resource><extension url="http://hl7.org/fhir/StructureDefinition/implementationguide-page"><valueUri value="StructureDefinition-PPLRegulatedAuthorization.html"/></extension><reference><reference value="StructureDefinition/PPLRegulatedAuthorization"/></reference><name value="PPL Marketing Authorisation profile"/><description value="Regulated Authorization profile defines the Marketing Authorisation on product or package level"/><isExample value="false"/><groupingId value="-str-profile"/></resource><resource><extension url="http://hl7.org/fhir/StructureDefinition/implementationguide-page"><valueUri value="StructureDefinition-QT.html"/></extension><reference><reference value="StructureDefinition/QT"/></reference><name value="QT"/><description value="Quantity"/><isExample value="false"/><groupingId value="-str-datatype"/></resource><resource><extension url="http://hl7.org/fhir/StructureDefinition/implementationguide-page"><valueUri value="StructureDefinition-ST.html"/></extension><reference><reference value="StructureDefinition/ST"/></reference><name value="ST"/><description value="String"/><isExample value="false"/><groupingId value="-str-datatype"/></resource><resource><extension url="http://hl7.org/fhir/StructureDefinition/implementationguide-page"><valueUri value="StructureDefinition-TS.html"/></extension><reference><reference value="StructureDefinition/TS"/></reference><name value="TS"/><description value="Time stamp"/><isExample value="false"/><groupingId value="-str-datatype"/></resource><resource><extension url="http://hl7.org/fhir/StructureDefinition/implementationguide-page"><valueUri value="StructureDefinition-class.html"/></extension><reference><reference value="StructureDefinition/class"/></reference><name value="class"/><description value="Class of data elements"/><isExample value="false"/><groupingId value="-str-datatype"/></resource><resource><extension url="http://hl7.org/fhir/StructureDefinition/implementationguide-page"><valueUri value="StructureDefinition-untyped.html"/></extension><reference><reference value="StructureDefinition/untyped"/></reference><name value="untyped"/><description value="No data type defined"/><isExample value="false"/><groupingId value="-str-datatype"/></resource><resource><extension url="http://hl7.org/fhir/StructureDefinition/implementationguide-page"><valueUri value="StructureDefinition-FullMedicinalProduct.html"/></extension><reference><reference value="StructureDefinition/FullMedicinalProduct"/></reference><name value="Medicinal Product"/><description value="Medicinal Product"/><isExample value="false"/><groupingId value="-str-logicalmodel"/></resource><resource><extension url="http://hl7.org/fhir/StructureDefinition/implementationguide-page"><valueUri value="AdministrableProductDefinition-Agen-5mg-Tablet-EE-APD.html"/></extension><reference><reference value="AdministrableProductDefinition/Agen-5mg-Tablet-EE-APD"/></reference><name value="Agen-5mg-Tablet-EE-APD"/><profile value="http://unicom-project.eu/fhir/StructureDefinition/PPLAdministrableProductDefinition"/><groupingId value="-ex-example"/></resource><resource><extension url="http://hl7.org/fhir/StructureDefinition/implementationguide-page"><valueUri value="Ingredient-Agen-5mg-Tablet-EE-I.html"/></extension><reference><reference value="Ingredient/Agen-5mg-Tablet-EE-I"/></reference><name value="Agen-5mg-Tablet-EE-I"/><profile value="http://unicom-project.eu/fhir/StructureDefinition/PPLIngredient"/><groupingId value="-ex-example"/></resource><resource><extension url="http://hl7.org/fhir/StructureDefinition/implementationguide-page"><valueUri value="ManufacturedItemDefinition-Agen-5mg-Tablet-EE-MID.html"/></extension><reference><reference value="ManufacturedItemDefinition/Agen-5mg-Tablet-EE-MID"/></reference><name value="Agen-5mg-Tablet-EE-MID"/><profile value="http://unicom-project.eu/fhir/StructureDefinition/PPLManufacturedItemDefinition"/><groupingId value="-ex-example"/></resource><resource><extension url="http://hl7.org/fhir/StructureDefinition/implementationguide-page"><valueUri value="MedicinalProductDefinition-Agen-5mg-Tablet-EE-MPD.html"/></extension><reference><reference value="MedicinalProductDefinition/Agen-5mg-Tablet-EE-MPD"/></reference><name value="Agen-5mg-Tablet-EE-MPD"/><profile value="http://unicom-project.eu/fhir/StructureDefinition/PPLMedicinalProductDefinition"/><groupingId value="-ex-example"/></resource><resource><extension url="http://hl7.org/fhir/StructureDefinition/implementationguide-page"><valueUri value="PackagedProductDefinition-Agen-5mg-Tablet-EE-PPD-1109887-A.html"/></extension><reference><reference value="PackagedProductDefinition/Agen-5mg-Tablet-EE-PPD-1109887-A"/></reference><name value="Agen-5mg-Tablet-EE-PPD-1109887-A"/><description value="Tabletid on pakendatud PVC/PVDC/Al blistritesse (valged)."/><profile value="http://unicom-project.eu/fhir/StructureDefinition/PPLPackagedProductDefinition"/><groupingId value="-ex-example"/></resource><resource><extension url="http://hl7.org/fhir/StructureDefinition/implementationguide-page"><valueUri value="PackagedProductDefinition-Agen-5mg-Tablet-EE-PPD-1109887-B.html"/></extension><reference><reference value="PackagedProductDefinition/Agen-5mg-Tablet-EE-PPD-1109887-B"/></reference><name value="Agen-5mg-Tablet-EE-PPD-1109887-B"/><description value="Tabletid on pakendatud PVC/Al blistritesse (valged)."/><profile value="http://unicom-project.eu/fhir/StructureDefinition/PPLPackagedProductDefinition"/><groupingId value="-ex-example"/></resource><resource><extension url="http://hl7.org/fhir/StructureDefinition/implementationguide-page"><valueUri value="RegulatedAuthorization-Agen-5mg-Tablet-EE-RA.html"/></extension><reference><reference value="RegulatedAuthorization/Agen-5mg-Tablet-EE-RA"/></reference><name value="Agen-5mg-Tablet-EE-RA"/><profile value="http://unicom-project.eu/fhir/StructureDefinition/PPLRegulatedAuthorization"/><groupingId value="-ex-example"/></resource><resource><extension url="http://hl7.org/fhir/StructureDefinition/implementationguide-page"><valueUri value="Organization-LOC-100002580-Zentiva.html"/></extension><reference><reference value="Organization/LOC-100002580-Zentiva"/></reference><name value="LOC-100002580-Zentiva"/><profile value="http://unicom-project.eu/fhir/StructureDefinition/PPLOrganization"/><groupingId value="-ex-example"/></resource><page><sourceUrl value="toc.html"/><name value="toc.html"/><title value="Table of Contents"/><generation value="html"/><page><sourceUrl value="index.html"/><name value="index.html"/><title value="Home"/><generation value="html"/></page><page><sourceUrl value="artifacts.html"/><name value="artifacts.html"/><title value="Artifacts Summary"/><generation value="html"/><page><sourceUrl value="StructureDefinition-FullMedicinalProduct.html"/><name value="StructureDefinition-FullMedicinalProduct.html"/><title value="Medicinal Product"/><generation value="generated"/></page><page><sourceUrl value="StructureDefinition-MPDBundle.html"/><name value="StructureDefinition-MPDBundle.html"/><title value="PPL Medicinal Product Bundle profile"/><generation value="generated"/></page><page><sourceUrl value="StructureDefinition-PPLAdministrableProductDefinition.html"/><name value="StructureDefinition-PPLAdministrableProductDefinition.html"/><title value="PPL Administrable Product profile"/><generation value="generated"/></page><page><sourceUrl value="StructureDefinition-PPLIngredient.html"/><name value="StructureDefinition-PPLIngredient.html"/><title value="PPL Ingredient profile"/><generation value="generated"/></page><page><sourceUrl value="StructureDefinition-PPLManufacturedItemDefinition.html"/><name value="StructureDefinition-PPLManufacturedItemDefinition.html"/><title value="PPL Manufactured Item profile"/><generation value="generated"/></page><page><sourceUrl value="StructureDefinition-PPLMedicinalProductDefinition.html"/><name value="StructureDefinition-PPLMedicinalProductDefinition.html"/><title value="PPL Medicinal Product profile"/><generation value="generated"/></page><page><sourceUrl value="StructureDefinition-PPLOrganization.html"/><name value="StructureDefinition-PPLOrganization.html"/><title value="PPL Organization"/><generation value="generated"/></page><page><sourceUrl value="StructureDefinition-PPLPackagedProductDefinition.html"/><name value="StructureDefinition-PPLPackagedProductDefinition.html"/><title value="PPL Packaged Product profile"/><generation value="generated"/></page><page><sourceUrl value="StructureDefinition-PPLRegulatedAuthorization.html"/><name value="StructureDefinition-PPLRegulatedAuthorization.html"/><title value="PPL Marketing Authorisation profile"/><generation value="generated"/></page><page><sourceUrl value="StructureDefinition-CD.html"/><name value="StructureDefinition-CD.html"/><title value="CD"/><generation value="generated"/></page><page><sourceUrl value="StructureDefinition-DT.html"/><name value="StructureDefinition-DT.html"/><title value="DT"/><generation value="generated"/></page><page><sourceUrl value="StructureDefinition-II.html"/><name value="StructureDefinition-II.html"/><title value="II"/><generation value="generated"/></page><page><sourceUrl value="StructureDefinition-QT.html"/><name value="StructureDefinition-QT.html"/><title value="QT"/><generation value="generated"/></page><page><sourceUrl value="StructureDefinition-ST.html"/><name value="StructureDefinition-ST.html"/><title value="ST"/><generation value="generated"/></page><page><sourceUrl value="StructureDefinition-TS.html"/><name value="StructureDefinition-TS.html"/><title value="TS"/><generation value="generated"/></page><page><sourceUrl value="StructureDefinition-class.html"/><name value="StructureDefinition-class.html"/><title value="class"/><generation value="generated"/></page><page><sourceUrl value="StructureDefinition-untyped.html"/><name value="StructureDefinition-untyped.html"/><title value="untyped"/><generation value="generated"/></page><page><sourceUrl value="AdministrableProductDefinition-Agen-5mg-Tablet-EE-APD.html"/><name value="AdministrableProductDefinition-Agen-5mg-Tablet-EE-APD.html"/><title value="Agen-5mg-Tablet-EE-APD"/><generation value="generated"/></page><page><sourceUrl value="Ingredient-Agen-5mg-Tablet-EE-I.html"/><name value="Ingredient-Agen-5mg-Tablet-EE-I.html"/><title value="Agen-5mg-Tablet-EE-I"/><generation value="generated"/></page><page><sourceUrl value="ManufacturedItemDefinition-Agen-5mg-Tablet-EE-MID.html"/><name value="ManufacturedItemDefinition-Agen-5mg-Tablet-EE-MID.html"/><title value="Agen-5mg-Tablet-EE-MID"/><generation value="generated"/></page><page><sourceUrl value="MedicinalProductDefinition-Agen-5mg-Tablet-EE-MPD.html"/><name value="MedicinalProductDefinition-Agen-5mg-Tablet-EE-MPD.html"/><title value="Agen-5mg-Tablet-EE-MPD"/><generation value="generated"/></page><page><sourceUrl value="PackagedProductDefinition-Agen-5mg-Tablet-EE-PPD-1109887-A.html"/><name value="PackagedProductDefinition-Agen-5mg-Tablet-EE-PPD-1109887-A.html"/><title value="Agen-5mg-Tablet-EE-PPD-1109887-A"/><generation value="generated"/></page><page><sourceUrl value="PackagedProductDefinition-Agen-5mg-Tablet-EE-PPD-1109887-B.html"/><name value="PackagedProductDefinition-Agen-5mg-Tablet-EE-PPD-1109887-B.html"/><title value="Agen-5mg-Tablet-EE-PPD-1109887-B"/><generation value="generated"/></page><page><sourceUrl value="RegulatedAuthorization-Agen-5mg-Tablet-EE-RA.html"/><name value="RegulatedAuthorization-Agen-5mg-Tablet-EE-RA.html"/><title value="Agen-5mg-Tablet-EE-RA"/><generation value="generated"/></page><page><sourceUrl value="Organization-LOC-100002580-Zentiva.html"/><name value="Organization-LOC-100002580-Zentiva.html"/><title value="LOC-100002580-Zentiva"/><generation value="generated"/></page></page></page><parameter><code><system value="http://hl7.org/fhir/guide-parameter-code"/><code value="path-resource"/></code><value value="input/capabilities"/></parameter><parameter><code><system value="http://hl7.org/fhir/guide-parameter-code"/><code value="path-resource"/></code><value value="input/examples"/></parameter><parameter><code><system value="http://hl7.org/fhir/guide-parameter-code"/><code value="path-resource"/></code><value value="input/extensions"/></parameter><parameter><code><system value="http://hl7.org/fhir/guide-parameter-code"/><code value="path-resource"/></code><value value="input/models"/></parameter><parameter><code><system value="http://hl7.org/fhir/guide-parameter-code"/><code value="path-resource"/></code><value value="input/operations"/></parameter><parameter><code><system value="http://hl7.org/fhir/guide-parameter-code"/><code value="path-resource"/></code><value value="input/profiles"/></parameter><parameter><code><system value="http://hl7.org/fhir/guide-parameter-code"/><code value="path-resource"/></code><value value="input/resources"/></parameter><parameter><code><system value="http://hl7.org/fhir/guide-parameter-code"/><code value="path-resource"/></code><value value="input/vocabulary"/></parameter><parameter><code><system value="http://hl7.org/fhir/guide-parameter-code"/><code value="path-resource"/></code><value value="input/maps"/></parameter><parameter><code><system value="http://hl7.org/fhir/guide-parameter-code"/><code value="path-resource"/></code><value value="input/testing"/></parameter><parameter><code><system value="http://hl7.org/fhir/guide-parameter-code"/><code value="path-resource"/></code><value value="input/history"/></parameter><parameter><code><system value="http://hl7.org/fhir/guide-parameter-code"/><code value="path-resource"/></code><value value="fsh-generated/resources"/></parameter><parameter><code><system value="http://hl7.org/fhir/guide-parameter-code"/><code value="path-pages"/></code><value value="template/config"/></parameter><parameter><code><system value="http://hl7.org/fhir/guide-parameter-code"/><code value="path-pages"/></code><value value="input/images"/></parameter><parameter><code><system value="http://hl7.org/fhir/guide-parameter-code"/><code value="path-tx-cache"/></code><value value="input-cache/txcache"/></parameter><parameter><code><system value="http://hl7.org/fhir/tools/CodeSystem/ig-parameters"/><code value="copyrightyear"/></code><value value="2022+"/></parameter><parameter><code><system value="http://hl7.org/fhir/tools/CodeSystem/ig-parameters"/><code value="releaselabel"/></code><value value="ci-build"/></parameter><parameter><code><system value="http://hl7.org/fhir/tools/CodeSystem/ig-parameters"/><code value="autoload-resources"/></code><value value="true"/></parameter><parameter><code><system value="http://hl7.org/fhir/tools/CodeSystem/ig-parameters"/><code value="path-liquid"/></code><value value="template/liquid"/></parameter><parameter><code><system value="http://hl7.org/fhir/tools/CodeSystem/ig-parameters"/><code value="path-liquid"/></code><value value="input/liquid"/></parameter><parameter><code><system value="http://hl7.org/fhir/tools/CodeSystem/ig-parameters"/><code value="path-qa"/></code><value value="temp/qa"/></parameter><parameter><code><system value="http://hl7.org/fhir/tools/CodeSystem/ig-parameters"/><code value="path-temp"/></code><value value="temp/pages"/></parameter><parameter><code><system value="http://hl7.org/fhir/tools/CodeSystem/ig-parameters"/><code value="path-output"/></code><value value="output"/></parameter><parameter><code><system value="http://hl7.org/fhir/tools/CodeSystem/ig-parameters"/><code value="path-suppressed-warnings"/></code><value value="input/ignoreWarnings.txt"/></parameter><parameter><code><system value="http://hl7.org/fhir/tools/CodeSystem/ig-parameters"/><code value="path-history"/></code><value value="http://unicom-project.eu/fhir/history.html"/></parameter><parameter><code><system value="http://hl7.org/fhir/tools/CodeSystem/ig-parameters"/><code value="template-html"/></code><value value="template-page.html"/></parameter><parameter><code><system value="http://hl7.org/fhir/tools/CodeSystem/ig-parameters"/><code value="template-md"/></code><value value="template-page-md.html"/></parameter><parameter><code><system value="http://hl7.org/fhir/tools/CodeSystem/ig-parameters"/><code value="apply-contact"/></code><value value="true"/></parameter><parameter><code><system value="http://hl7.org/fhir/tools/CodeSystem/ig-parameters"/><code value="apply-context"/></code><value value="true"/></parameter><parameter><code><system value="http://hl7.org/fhir/tools/CodeSystem/ig-parameters"/><code value="apply-copyright"/></code><value value="true"/></parameter><parameter><code><system value="http://hl7.org/fhir/tools/CodeSystem/ig-parameters"/><code value="apply-jurisdiction"/></code><value value="true"/></parameter><parameter><code><system value="http://hl7.org/fhir/tools/CodeSystem/ig-parameters"/><code value="apply-license"/></code><value value="true"/></parameter><parameter><code><system value="http://hl7.org/fhir/tools/CodeSystem/ig-parameters"/><code value="apply-publisher"/></code><value value="true"/></parameter><parameter><code><system value="http://hl7.org/fhir/tools/CodeSystem/ig-parameters"/><code value="apply-version"/></code><value value="true"/></parameter><parameter><code><system value="http://hl7.org/fhir/tools/CodeSystem/ig-parameters"/><code value="active-tables"/></code><value value="true"/></parameter><parameter><code><system value="http://hl7.org/fhir/tools/CodeSystem/ig-parameters"/><code value="fmm-definition"/></code><value value="http://hl7.org/fhir/versions.html#maturity"/></parameter><parameter><code><system value="http://hl7.org/fhir/tools/CodeSystem/ig-parameters"/><code value="propagate-status"/></code><value value="true"/></parameter><parameter><code><system value="http://hl7.org/fhir/tools/CodeSystem/ig-parameters"/><code value="excludelogbinaryformat"/></code><value value="true"/></parameter><parameter><code><system value="http://hl7.org/fhir/tools/CodeSystem/ig-parameters"/><code value="tabbed-snapshots"/></code><value value="true"/></parameter><parameter><code><system value="http://hl7.org/fhir/tools/CodeSystem/ig-parameters"/><code value="copyrightyear"/></code><value value="2022+"/></parameter><parameter><code><system value="http://hl7.org/fhir/tools/CodeSystem/ig-parameters"/><code value="releaselabel"/></code><value value="ci-build"/></parameter><parameter><code><system value="http://hl7.org/fhir/tools/CodeSystem/ig-parameters"/><code value="autoload-resources"/></code><value value="true"/></parameter><parameter><code><system value="http://hl7.org/fhir/tools/CodeSystem/ig-parameters"/><code value="path-liquid"/></code><value value="template/liquid"/></parameter><parameter><code><system value="http://hl7.org/fhir/tools/CodeSystem/ig-parameters"/><code value="path-liquid"/></code><value value="input/liquid"/></parameter><parameter><code><system value="http://hl7.org/fhir/tools/CodeSystem/ig-parameters"/><code value="path-qa"/></code><value value="temp/qa"/></parameter><parameter><code><system value="http://hl7.org/fhir/tools/CodeSystem/ig-parameters"/><code value="path-temp"/></code><value value="temp/pages"/></parameter><parameter><code><system value="http://hl7.org/fhir/tools/CodeSystem/ig-parameters"/><code value="path-output"/></code><value value="output"/></parameter><parameter><code><system value="http://hl7.org/fhir/tools/CodeSystem/ig-parameters"/><code value="path-suppressed-warnings"/></code><value value="input/ignoreWarnings.txt"/></parameter><parameter><code><system value="http://hl7.org/fhir/tools/CodeSystem/ig-parameters"/><code value="path-history"/></code><value value="http://unicom-project.eu/fhir/history.html"/></parameter><parameter><code><system value="http://hl7.org/fhir/tools/CodeSystem/ig-parameters"/><code value="template-html"/></code><value value="template-page.html"/></parameter><parameter><code><system value="http://hl7.org/fhir/tools/CodeSystem/ig-parameters"/><code value="template-md"/></code><value value="template-page-md.html"/></parameter><parameter><code><system value="http://hl7.org/fhir/tools/CodeSystem/ig-parameters"/><code value="apply-contact"/></code><value value="true"/></parameter><parameter><code><system value="http://hl7.org/fhir/tools/CodeSystem/ig-parameters"/><code value="apply-context"/></code><value value="true"/></parameter><parameter><code><system value="http://hl7.org/fhir/tools/CodeSystem/ig-parameters"/><code value="apply-copyright"/></code><value value="true"/></parameter><parameter><code><system value="http://hl7.org/fhir/tools/CodeSystem/ig-parameters"/><code value="apply-jurisdiction"/></code><value value="true"/></parameter><parameter><code><system value="http://hl7.org/fhir/tools/CodeSystem/ig-parameters"/><code value="apply-license"/></code><value value="true"/></parameter><parameter><code><system value="http://hl7.org/fhir/tools/CodeSystem/ig-parameters"/><code value="apply-publisher"/></code><value value="true"/></parameter><parameter><code><system value="http://hl7.org/fhir/tools/CodeSystem/ig-parameters"/><code value="apply-version"/></code><value value="true"/></parameter><parameter><code><system value="http://hl7.org/fhir/tools/CodeSystem/ig-parameters"/><code value="active-tables"/></code><value value="true"/></parameter><parameter><code><system value="http://hl7.org/fhir/tools/CodeSystem/ig-parameters"/><code value="fmm-definition"/></code><value value="http://hl7.org/fhir/versions.html#maturity"/></parameter><parameter><code><system value="http://hl7.org/fhir/tools/CodeSystem/ig-parameters"/><code value="propagate-status"/></code><value value="true"/></parameter><parameter><code><system value="http://hl7.org/fhir/tools/CodeSystem/ig-parameters"/><code value="excludelogbinaryformat"/></code><value value="true"/></parameter><parameter><code><system value="http://hl7.org/fhir/tools/CodeSystem/ig-parameters"/><code value="tabbed-snapshots"/></code><value value="true"/></parameter></definition></ImplementationGuide>