{
  "resourceType": "CodeSystem",
  "id": "routes-and-methods-of-administration-ema-cs",
  "text": {
    "status": "generated",
    "div": "<div xmlns=\"http://www.w3.org/1999/xhtml\"><p>This code system <code>https://spor.ema.europa.eu/v1/lists/100000073345</code> defines the following codes:</p><table class=\"codes\"><tr><td style=\"white-space:nowrap\"><b>Code</b></td><td><b>Display</b></td></tr><tr><td style=\"white-space:nowrap\">100000073564<a name=\"routes-and-methods-of-administration-ema-cs-100000073564\"> </a></td><td>Auricular use</td></tr><tr><td style=\"white-space:nowrap\">100000073570<a name=\"routes-and-methods-of-administration-ema-cs-100000073570\"> </a></td><td>Endosinusial use</td></tr><tr><td style=\"white-space:nowrap\">100000073571<a name=\"routes-and-methods-of-administration-ema-cs-100000073571\"> </a></td><td>Endotracheopulmonary use</td></tr><tr><td style=\"white-space:nowrap\">100000073566<a name=\"routes-and-methods-of-administration-ema-cs-100000073566\"> </a></td><td>Cutaneous use</td></tr><tr><td style=\"white-space:nowrap\">100000073567<a name=\"routes-and-methods-of-administration-ema-cs-100000073567\"> </a></td><td>Dental use</td></tr><tr><td style=\"white-space:nowrap\">100000073569<a name=\"routes-and-methods-of-administration-ema-cs-100000073569\"> </a></td><td>Endocervical use</td></tr><tr><td style=\"white-space:nowrap\">100000073572<a name=\"routes-and-methods-of-administration-ema-cs-100000073572\"> </a></td><td>Epidural use</td></tr><tr><td style=\"white-space:nowrap\">100000073577<a name=\"routes-and-methods-of-administration-ema-cs-100000073577\"> </a></td><td>Gastric use</td></tr><tr><td style=\"white-space:nowrap\">100000073587<a name=\"routes-and-methods-of-administration-ema-cs-100000073587\"> </a></td><td>Intraarterial use</td></tr><tr><td style=\"white-space:nowrap\">100000073589<a name=\"routes-and-methods-of-administration-ema-cs-100000073589\"> </a></td><td>Intrabursal use</td></tr><tr><td style=\"white-space:nowrap\">100000073594<a name=\"routes-and-methods-of-administration-ema-cs-100000073594\"> </a></td><td>Intracoronary use</td></tr><tr><td style=\"white-space:nowrap\">100000073595<a name=\"routes-and-methods-of-administration-ema-cs-100000073595\"> </a></td><td>Intradermal use</td></tr><tr><td style=\"white-space:nowrap\">100000073601<a name=\"routes-and-methods-of-administration-ema-cs-100000073601\"> </a></td><td>Intraocular use</td></tr><tr><td style=\"white-space:nowrap\">100000073591<a name=\"routes-and-methods-of-administration-ema-cs-100000073591\"> </a></td><td>Intracavernous use</td></tr><tr><td style=\"white-space:nowrap\">100000073579<a name=\"routes-and-methods-of-administration-ema-cs-100000073579\"> </a></td><td>Haemodialysis</td></tr><tr><td style=\"white-space:nowrap\">100000073588<a name=\"routes-and-methods-of-administration-ema-cs-100000073588\"> </a></td><td>Intraarticular use</td></tr><tr><td style=\"white-space:nowrap\">100000073598<a name=\"routes-and-methods-of-administration-ema-cs-100000073598\"> </a></td><td>Intralymphatic use</td></tr><tr><td style=\"white-space:nowrap\">100000073604<a name=\"routes-and-methods-of-administration-ema-cs-100000073604\"> </a></td><td>Intraperitoneal use</td></tr><tr><td style=\"white-space:nowrap\">100000073607<a name=\"routes-and-methods-of-administration-ema-cs-100000073607\"> </a></td><td>Intrasternal use</td></tr><tr><td style=\"white-space:nowrap\">100000073620<a name=\"routes-and-methods-of-administration-ema-cs-100000073620\"> </a></td><td>Oromucosal use</td></tr><tr><td style=\"white-space:nowrap\">100000073597<a name=\"routes-and-methods-of-administration-ema-cs-100000073597\"> </a></td><td>Intralesional use</td></tr><tr><td style=\"white-space:nowrap\">100000073614<a name=\"routes-and-methods-of-administration-ema-cs-100000073614\"> </a></td><td>Laryngopharyngeal use</td></tr><tr><td style=\"white-space:nowrap\">100000073625<a name=\"routes-and-methods-of-administration-ema-cs-100000073625\"> </a></td><td>Periodontal use</td></tr><tr><td style=\"white-space:nowrap\">100000075557<a name=\"routes-and-methods-of-administration-ema-cs-100000075557\"> </a></td><td>Periosseous use</td></tr><tr><td style=\"white-space:nowrap\">100000075266<a name=\"routes-and-methods-of-administration-ema-cs-100000075266\"> </a></td><td>Parenteral use</td></tr><tr><td style=\"white-space:nowrap\">100000075267<a name=\"routes-and-methods-of-administration-ema-cs-100000075267\"> </a></td><td>Other use</td></tr><tr><td style=\"white-space:nowrap\">100000075268<a name=\"routes-and-methods-of-administration-ema-cs-100000075268\"> </a></td><td>Ophthalmic use</td></tr><tr><td style=\"white-space:nowrap\">100000075270<a name=\"routes-and-methods-of-administration-ema-cs-100000075270\"> </a></td><td>Intravenous drip use</td></tr><tr><td style=\"white-space:nowrap\">100000075261<a name=\"routes-and-methods-of-administration-ema-cs-100000075261\"> </a></td><td>Unknown use</td></tr><tr><td style=\"white-space:nowrap\">100000075260<a name=\"routes-and-methods-of-administration-ema-cs-100000075260\"> </a></td><td>Intraprostatic use</td></tr><tr><td style=\"white-space:nowrap\">100000075262<a name=\"routes-and-methods-of-administration-ema-cs-100000075262\"> </a></td><td>Topical use</td></tr><tr><td style=\"white-space:nowrap\">100000075263<a name=\"routes-and-methods-of-administration-ema-cs-100000075263\"> </a></td><td>Subdermal use</td></tr><tr><td style=\"white-space:nowrap\">100000075265<a name=\"routes-and-methods-of-administration-ema-cs-100000075265\"> </a></td><td>Respiratory use</td></tr><tr><td style=\"white-space:nowrap\">100000111216<a name=\"routes-and-methods-of-administration-ema-cs-100000111216\"> </a></td><td>Occlusive dressing technique use</td></tr><tr><td style=\"white-space:nowrap\">100000075237<a name=\"routes-and-methods-of-administration-ema-cs-100000075237\"> </a></td><td>Intraileal use</td></tr><tr><td style=\"white-space:nowrap\">100000075238<a name=\"routes-and-methods-of-administration-ema-cs-100000075238\"> </a></td><td>Intragastric use</td></tr><tr><td style=\"white-space:nowrap\">100000075240<a name=\"routes-and-methods-of-administration-ema-cs-100000075240\"> </a></td><td>Intradural use</td></tr><tr><td style=\"white-space:nowrap\">100000075241<a name=\"routes-and-methods-of-administration-ema-cs-100000075241\"> </a></td><td>Intraduodenal use</td></tr><tr><td style=\"white-space:nowrap\">100000075242<a name=\"routes-and-methods-of-administration-ema-cs-100000075242\"> </a></td><td>Intranasal use</td></tr><tr><td style=\"white-space:nowrap\">100000075243<a name=\"routes-and-methods-of-administration-ema-cs-100000075243\"> </a></td><td>Local use</td></tr><tr><td style=\"white-space:nowrap\">100000075244<a name=\"routes-and-methods-of-administration-ema-cs-100000075244\"> </a></td><td>Not mentioned</td></tr><tr><td style=\"white-space:nowrap\">100000075245<a name=\"routes-and-methods-of-administration-ema-cs-100000075245\"> </a></td><td>In vitro use</td></tr><tr><td style=\"white-space:nowrap\">100000075246<a name=\"routes-and-methods-of-administration-ema-cs-100000075246\"> </a></td><td>Intraabdominal use</td></tr><tr><td style=\"white-space:nowrap\">100000075247<a name=\"routes-and-methods-of-administration-ema-cs-100000075247\"> </a></td><td>Interstitial use</td></tr><tr><td style=\"white-space:nowrap\">100000111217<a name=\"routes-and-methods-of-administration-ema-cs-100000111217\"> </a></td><td>Transplacental use</td></tr><tr><td style=\"white-space:nowrap\">100000075251<a name=\"routes-and-methods-of-administration-ema-cs-100000075251\"> </a></td><td>Conjunctival use</td></tr><tr><td style=\"white-space:nowrap\">100000075252<a name=\"routes-and-methods-of-administration-ema-cs-100000075252\"> </a></td><td>Transmucosal use</td></tr><tr><td style=\"white-space:nowrap\">100000075253<a name=\"routes-and-methods-of-administration-ema-cs-100000075253\"> </a></td><td>Soft tissue use</td></tr><tr><td style=\"white-space:nowrap\">100000075254<a name=\"routes-and-methods-of-administration-ema-cs-100000075254\"> </a></td><td>Percutaneous use</td></tr><tr><td style=\"white-space:nowrap\">100000075255<a name=\"routes-and-methods-of-administration-ema-cs-100000075255\"> </a></td><td>Nasogastric use</td></tr><tr><td style=\"white-space:nowrap\">100000075256<a name=\"routes-and-methods-of-administration-ema-cs-100000075256\"> </a></td><td>Intraventricular use</td></tr><tr><td style=\"white-space:nowrap\">100000075257<a name=\"routes-and-methods-of-administration-ema-cs-100000075257\"> </a></td><td>Intravascular use</td></tr><tr><td style=\"white-space:nowrap\">100000075258<a name=\"routes-and-methods-of-administration-ema-cs-100000075258\"> </a></td><td>Intratympanic use</td></tr><tr><td style=\"white-space:nowrap\">100000075271<a name=\"routes-and-methods-of-administration-ema-cs-100000075271\"> </a></td><td>Intravenous bolus use</td></tr><tr><td style=\"white-space:nowrap\">100000075272<a name=\"routes-and-methods-of-administration-ema-cs-100000075272\"> </a></td><td>Intratracheal use</td></tr><tr><td style=\"white-space:nowrap\">100000075273<a name=\"routes-and-methods-of-administration-ema-cs-100000075273\"> </a></td><td>Intrahepatic use</td></tr><tr><td style=\"white-space:nowrap\">100000075555<a name=\"routes-and-methods-of-administration-ema-cs-100000075555\"> </a></td><td>Intramuscular and intravenous use</td></tr><tr><td style=\"white-space:nowrap\">100000075558<a name=\"routes-and-methods-of-administration-ema-cs-100000075558\"> </a></td><td>Subgingival use</td></tr><tr><td style=\"white-space:nowrap\">100000075559<a name=\"routes-and-methods-of-administration-ema-cs-100000075559\"> </a></td><td>Epicutaneous use</td></tr><tr><td style=\"white-space:nowrap\">100000075673<a name=\"routes-and-methods-of-administration-ema-cs-100000075673\"> </a></td><td>Intraepidermal use</td></tr><tr><td style=\"white-space:nowrap\">100000170847<a name=\"routes-and-methods-of-administration-ema-cs-100000170847\"> </a></td><td>Coarse spray</td></tr><tr><td style=\"white-space:nowrap\">200000010603<a name=\"routes-and-methods-of-administration-ema-cs-200000010603\"> </a></td><td>Intraputaminal use</td></tr><tr><td style=\"white-space:nowrap\">200000012510<a name=\"routes-and-methods-of-administration-ema-cs-200000012510\"> </a></td><td>Instillation</td></tr><tr><td style=\"white-space:nowrap\">200000016447<a name=\"routes-and-methods-of-administration-ema-cs-200000016447\"> </a></td><td>Injection</td></tr><tr><td style=\"white-space:nowrap\">200000016448<a name=\"routes-and-methods-of-administration-ema-cs-200000016448\"> </a></td><td>Solution for infusion</td></tr><tr><td style=\"white-space:nowrap\">200000016449<a name=\"routes-and-methods-of-administration-ema-cs-200000016449\"> </a></td><td>Infusion</td></tr><tr><td style=\"white-space:nowrap\">200000017716<a name=\"routes-and-methods-of-administration-ema-cs-200000017716\"> </a></td><td>External use</td></tr><tr><td style=\"white-space:nowrap\">200000017722<a name=\"routes-and-methods-of-administration-ema-cs-200000017722\"> </a></td><td>Preservative solution</td></tr><tr><td style=\"white-space:nowrap\">200000017723<a name=\"routes-and-methods-of-administration-ema-cs-200000017723\"> </a></td><td>Concentrate for solution for infusion</td></tr><tr><td style=\"white-space:nowrap\">200000017724<a name=\"routes-and-methods-of-administration-ema-cs-200000017724\"> </a></td><td>Solution for injection</td></tr><tr><td style=\"white-space:nowrap\">200000017725<a name=\"routes-and-methods-of-administration-ema-cs-200000017725\"> </a></td><td>Irrigation</td></tr><tr><td style=\"white-space:nowrap\">200000022791<a name=\"routes-and-methods-of-administration-ema-cs-200000022791\"> </a></td><td>Intrafollicular use</td></tr><tr><td style=\"white-space:nowrap\">200000022792<a name=\"routes-and-methods-of-administration-ema-cs-200000022792\"> </a></td><td>Intratesticular use</td></tr><tr><td style=\"white-space:nowrap\">100000075250<a name=\"routes-and-methods-of-administration-ema-cs-100000075250\"> </a></td><td>Enteral use</td></tr><tr><td style=\"white-space:nowrap\">100000111215<a name=\"routes-and-methods-of-administration-ema-cs-100000111215\"> </a></td><td>Intrathoracic use</td></tr><tr><td style=\"white-space:nowrap\">100000111214<a name=\"routes-and-methods-of-administration-ema-cs-100000111214\"> </a></td><td>Intrameningeal use</td></tr><tr><td style=\"white-space:nowrap\">100000143556<a name=\"routes-and-methods-of-administration-ema-cs-100000143556\"> </a></td><td>Nail use</td></tr><tr><td style=\"white-space:nowrap\">100000073584<a name=\"routes-and-methods-of-administration-ema-cs-100000073584\"> </a></td><td>Inhalation use</td></tr><tr><td style=\"white-space:nowrap\">100000073585<a name=\"routes-and-methods-of-administration-ema-cs-100000073585\"> </a></td><td>Intestinal use</td></tr><tr><td style=\"white-space:nowrap\">100000073573<a name=\"routes-and-methods-of-administration-ema-cs-100000073573\"> </a></td><td>Epilesional use</td></tr><tr><td style=\"white-space:nowrap\">100000073574<a name=\"routes-and-methods-of-administration-ema-cs-100000073574\"> </a></td><td>Extraamniotic use</td></tr><tr><td style=\"white-space:nowrap\">100000073578<a name=\"routes-and-methods-of-administration-ema-cs-100000073578\"> </a></td><td>Gingival use</td></tr><tr><td style=\"white-space:nowrap\">100000073586<a name=\"routes-and-methods-of-administration-ema-cs-100000073586\"> </a></td><td>Intraamniotic use</td></tr><tr><td style=\"white-space:nowrap\">100000073590<a name=\"routes-and-methods-of-administration-ema-cs-100000073590\"> </a></td><td>Intracardiac use</td></tr><tr><td style=\"white-space:nowrap\">100000073615<a name=\"routes-and-methods-of-administration-ema-cs-100000073615\"> </a></td><td>Nasal use</td></tr><tr><td style=\"white-space:nowrap\">100000073617<a name=\"routes-and-methods-of-administration-ema-cs-100000073617\"> </a></td><td>Ocular use</td></tr><tr><td style=\"white-space:nowrap\">100000073593<a name=\"routes-and-methods-of-administration-ema-cs-100000073593\"> </a></td><td>Intracervical use</td></tr><tr><td style=\"white-space:nowrap\">100000073596<a name=\"routes-and-methods-of-administration-ema-cs-100000073596\"> </a></td><td>Intradiscal use</td></tr><tr><td style=\"white-space:nowrap\">100000073600<a name=\"routes-and-methods-of-administration-ema-cs-100000073600\"> </a></td><td>Intramuscular use</td></tr><tr><td style=\"white-space:nowrap\">100000073602<a name=\"routes-and-methods-of-administration-ema-cs-100000073602\"> </a></td><td>Intraosseous use</td></tr><tr><td style=\"white-space:nowrap\">100000073603<a name=\"routes-and-methods-of-administration-ema-cs-100000073603\"> </a></td><td>Intrapericardial use</td></tr><tr><td style=\"white-space:nowrap\">100000073605<a name=\"routes-and-methods-of-administration-ema-cs-100000073605\"> </a></td><td>Intrapleural use</td></tr><tr><td style=\"white-space:nowrap\">100000073609<a name=\"routes-and-methods-of-administration-ema-cs-100000073609\"> </a></td><td>Intratumoral use</td></tr><tr><td style=\"white-space:nowrap\">100000073610<a name=\"routes-and-methods-of-administration-ema-cs-100000073610\"> </a></td><td>Intrauterine use</td></tr><tr><td style=\"white-space:nowrap\">100000073611<a name=\"routes-and-methods-of-administration-ema-cs-100000073611\"> </a></td><td>Intravenous use</td></tr><tr><td style=\"white-space:nowrap\">100000073612<a name=\"routes-and-methods-of-administration-ema-cs-100000073612\"> </a></td><td>Intravesical use</td></tr><tr><td style=\"white-space:nowrap\">100000073619<a name=\"routes-and-methods-of-administration-ema-cs-100000073619\"> </a></td><td>Oral use</td></tr><tr><td style=\"white-space:nowrap\">100000073623<a name=\"routes-and-methods-of-administration-ema-cs-100000073623\"> </a></td><td>Periarticular use</td></tr><tr><td style=\"white-space:nowrap\">100000073624<a name=\"routes-and-methods-of-administration-ema-cs-100000073624\"> </a></td><td>Perineural use</td></tr><tr><td style=\"white-space:nowrap\">100000073626<a name=\"routes-and-methods-of-administration-ema-cs-100000073626\"> </a></td><td>Posterior juxtascleral use</td></tr><tr><td style=\"white-space:nowrap\">100000073628<a name=\"routes-and-methods-of-administration-ema-cs-100000073628\"> </a></td><td>Rectal use</td></tr><tr><td style=\"white-space:nowrap\">100000073629<a name=\"routes-and-methods-of-administration-ema-cs-100000073629\"> </a></td><td>Route of administration not applicable</td></tr><tr><td style=\"white-space:nowrap\">100000073630<a name=\"routes-and-methods-of-administration-ema-cs-100000073630\"> </a></td><td>Skin scarification</td></tr><tr><td style=\"white-space:nowrap\">100000073632<a name=\"routes-and-methods-of-administration-ema-cs-100000073632\"> </a></td><td>Subconjunctival use</td></tr><tr><td style=\"white-space:nowrap\">100000073633<a name=\"routes-and-methods-of-administration-ema-cs-100000073633\"> </a></td><td>Subcutaneous use</td></tr><tr><td style=\"white-space:nowrap\">100000073634<a name=\"routes-and-methods-of-administration-ema-cs-100000073634\"> </a></td><td>Sublingual use</td></tr><tr><td style=\"white-space:nowrap\">100000073637<a name=\"routes-and-methods-of-administration-ema-cs-100000073637\"> </a></td><td>Transdermal use</td></tr><tr><td style=\"white-space:nowrap\">100000073639<a name=\"routes-and-methods-of-administration-ema-cs-100000073639\"> </a></td><td>Vaginal use</td></tr><tr><td style=\"white-space:nowrap\">100000075239<a name=\"routes-and-methods-of-administration-ema-cs-100000075239\"> </a></td><td>Intraepidermal use</td></tr><tr><td style=\"white-space:nowrap\">100000075264<a name=\"routes-and-methods-of-administration-ema-cs-100000075264\"> </a></td><td>Retrobulbar use</td></tr><tr><td style=\"white-space:nowrap\">100000075554<a name=\"routes-and-methods-of-administration-ema-cs-100000075554\"> </a></td><td>Submucosal use</td></tr><tr><td style=\"white-space:nowrap\">100000111213<a name=\"routes-and-methods-of-administration-ema-cs-100000111213\"> </a></td><td>Intracorneal use</td></tr><tr><td style=\"white-space:nowrap\">100000075248<a name=\"routes-and-methods-of-administration-ema-cs-100000075248\"> </a></td><td>Infiltration</td></tr><tr><td style=\"white-space:nowrap\">100000075249<a name=\"routes-and-methods-of-administration-ema-cs-100000075249\"> </a></td><td>Implantation</td></tr><tr><td style=\"white-space:nowrap\">100000075269<a name=\"routes-and-methods-of-administration-ema-cs-100000075269\"> </a></td><td>Iontophoresis</td></tr><tr><td style=\"white-space:nowrap\">100000075274<a name=\"routes-and-methods-of-administration-ema-cs-100000075274\"> </a></td><td>Intracisternal use</td></tr><tr><td style=\"white-space:nowrap\">100000075275<a name=\"routes-and-methods-of-administration-ema-cs-100000075275\"> </a></td><td>Buccal use</td></tr><tr><td style=\"white-space:nowrap\">100000075276<a name=\"routes-and-methods-of-administration-ema-cs-100000075276\"> </a></td><td>Intracartilaginous use</td></tr><tr><td style=\"white-space:nowrap\">100000075556<a name=\"routes-and-methods-of-administration-ema-cs-100000075556\"> </a></td><td>Extracorporeal use</td></tr><tr><td style=\"white-space:nowrap\">200000010645<a name=\"routes-and-methods-of-administration-ema-cs-200000010645\"> </a></td><td>Transmammary</td></tr><tr><td style=\"white-space:nowrap\">200000024875<a name=\"routes-and-methods-of-administration-ema-cs-200000024875\"> </a></td><td>Extrapleural use</td></tr><tr><td style=\"white-space:nowrap\">100000125763<a name=\"routes-and-methods-of-administration-ema-cs-100000125763\"> </a></td><td>Intracameral use</td></tr><tr><td style=\"white-space:nowrap\">100000155948<a name=\"routes-and-methods-of-administration-ema-cs-100000155948\"> </a></td><td>Intraportal use</td></tr><tr><td style=\"white-space:nowrap\">100000156091<a name=\"routes-and-methods-of-administration-ema-cs-100000156091\"> </a></td><td>Intracholangiopancreatic use</td></tr><tr><td style=\"white-space:nowrap\">100000156092<a name=\"routes-and-methods-of-administration-ema-cs-100000156092\"> </a></td><td>Peritumoral use</td></tr><tr><td style=\"white-space:nowrap\">100000157797<a name=\"routes-and-methods-of-administration-ema-cs-100000157797\"> </a></td><td>Intraglandular use</td></tr><tr><td style=\"white-space:nowrap\">100000170084<a name=\"routes-and-methods-of-administration-ema-cs-100000170084\"> </a></td><td>Subretinal use</td></tr><tr><td style=\"white-space:nowrap\">100000170279<a name=\"routes-and-methods-of-administration-ema-cs-100000170279\"> </a></td><td>Intracerebroventricular use</td></tr><tr><td style=\"white-space:nowrap\">200000010644<a name=\"routes-and-methods-of-administration-ema-cs-200000010644\"> </a></td><td>Transplacental</td></tr><tr><td style=\"white-space:nowrap\">100000073576<a name=\"routes-and-methods-of-administration-ema-cs-100000073576\"> </a></td><td>Gastroenteral use</td></tr><tr><td style=\"white-space:nowrap\">100000073613<a name=\"routes-and-methods-of-administration-ema-cs-100000073613\"> </a></td><td>Intravitreal use</td></tr><tr><td style=\"white-space:nowrap\">100000073638<a name=\"routes-and-methods-of-administration-ema-cs-100000073638\"> </a></td><td>Urethral use</td></tr><tr><td style=\"white-space:nowrap\">200000010643<a name=\"routes-and-methods-of-administration-ema-cs-200000010643\"> </a></td><td>Topical</td></tr><tr><td style=\"white-space:nowrap\">100000073592<a name=\"routes-and-methods-of-administration-ema-cs-100000073592\"> </a></td><td>Intracerebral use</td></tr><tr><td style=\"white-space:nowrap\">100000073621<a name=\"routes-and-methods-of-administration-ema-cs-100000073621\"> </a></td><td>Oropharyngeal use</td></tr><tr><td style=\"white-space:nowrap\">100000073608<a name=\"routes-and-methods-of-administration-ema-cs-100000073608\"> </a></td><td>Intrathecal use</td></tr></table></div>"
  },
  "url": "https://spor.ema.europa.eu/v1/lists/100000073345",
  "version": "0.1.0",
  "name": "Routes_And_Methods_Of_Administration_EMA_CS",
  "title": "Routes and Methods of Administration",
  "status": "draft",
  "date": "2022-11-20T17:12:02+00:00",
  "publisher": "UNICOM",
  "contact": [
    {
      "name": "UNICOM",
      "telecom": [
        {
          "system": "url",
          "value": "http://medigree.net"
        }
      ]
    }
  ],
  "caseSensitive": false,
  "compositional": false,
  "content": "complete",
  "count": 136,
  "concept": [
    {
      "code": "100000073564",
      "display": "Auricular use"
    },
    {
      "code": "100000073570",
      "display": "Endosinusial use"
    },
    {
      "code": "100000073571",
      "display": "Endotracheopulmonary use"
    },
    {
      "code": "100000073566",
      "display": "Cutaneous use"
    },
    {
      "code": "100000073567",
      "display": "Dental use"
    },
    {
      "code": "100000073569",
      "display": "Endocervical use"
    },
    {
      "code": "100000073572",
      "display": "Epidural use"
    },
    {
      "code": "100000073577",
      "display": "Gastric use"
    },
    {
      "code": "100000073587",
      "display": "Intraarterial use"
    },
    {
      "code": "100000073589",
      "display": "Intrabursal use"
    },
    {
      "code": "100000073594",
      "display": "Intracoronary use"
    },
    {
      "code": "100000073595",
      "display": "Intradermal use"
    },
    {
      "code": "100000073601",
      "display": "Intraocular use"
    },
    {
      "code": "100000073591",
      "display": "Intracavernous use"
    },
    {
      "code": "100000073579",
      "display": "Haemodialysis"
    },
    {
      "code": "100000073588",
      "display": "Intraarticular use"
    },
    {
      "code": "100000073598",
      "display": "Intralymphatic use"
    },
    {
      "code": "100000073604",
      "display": "Intraperitoneal use"
    },
    {
      "code": "100000073607",
      "display": "Intrasternal use"
    },
    {
      "code": "100000073620",
      "display": "Oromucosal use"
    },
    {
      "code": "100000073597",
      "display": "Intralesional use"
    },
    {
      "code": "100000073614",
      "display": "Laryngopharyngeal use"
    },
    {
      "code": "100000073625",
      "display": "Periodontal use"
    },
    {
      "code": "100000075557",
      "display": "Periosseous use"
    },
    {
      "code": "100000075266",
      "display": "Parenteral use"
    },
    {
      "code": "100000075267",
      "display": "Other use"
    },
    {
      "code": "100000075268",
      "display": "Ophthalmic use"
    },
    {
      "code": "100000075270",
      "display": "Intravenous drip use"
    },
    {
      "code": "100000075261",
      "display": "Unknown use"
    },
    {
      "code": "100000075260",
      "display": "Intraprostatic use"
    },
    {
      "code": "100000075262",
      "display": "Topical use"
    },
    {
      "code": "100000075263",
      "display": "Subdermal use"
    },
    {
      "code": "100000075265",
      "display": "Respiratory use"
    },
    {
      "code": "100000111216",
      "display": "Occlusive dressing technique use"
    },
    {
      "code": "100000075237",
      "display": "Intraileal use"
    },
    {
      "code": "100000075238",
      "display": "Intragastric use"
    },
    {
      "code": "100000075240",
      "display": "Intradural use"
    },
    {
      "code": "100000075241",
      "display": "Intraduodenal use"
    },
    {
      "code": "100000075242",
      "display": "Intranasal use"
    },
    {
      "code": "100000075243",
      "display": "Local use"
    },
    {
      "code": "100000075244",
      "display": "Not mentioned"
    },
    {
      "code": "100000075245",
      "display": "In vitro use"
    },
    {
      "code": "100000075246",
      "display": "Intraabdominal use"
    },
    {
      "code": "100000075247",
      "display": "Interstitial use"
    },
    {
      "code": "100000111217",
      "display": "Transplacental use"
    },
    {
      "code": "100000075251",
      "display": "Conjunctival use"
    },
    {
      "code": "100000075252",
      "display": "Transmucosal use"
    },
    {
      "code": "100000075253",
      "display": "Soft tissue use"
    },
    {
      "code": "100000075254",
      "display": "Percutaneous use"
    },
    {
      "code": "100000075255",
      "display": "Nasogastric use"
    },
    {
      "code": "100000075256",
      "display": "Intraventricular use"
    },
    {
      "code": "100000075257",
      "display": "Intravascular use"
    },
    {
      "code": "100000075258",
      "display": "Intratympanic use"
    },
    {
      "code": "100000075271",
      "display": "Intravenous bolus use"
    },
    {
      "code": "100000075272",
      "display": "Intratracheal use"
    },
    {
      "code": "100000075273",
      "display": "Intrahepatic use"
    },
    {
      "code": "100000075555",
      "display": "Intramuscular and intravenous use"
    },
    {
      "code": "100000075558",
      "display": "Subgingival use"
    },
    {
      "code": "100000075559",
      "display": "Epicutaneous use"
    },
    {
      "code": "100000075673",
      "display": "Intraepidermal use"
    },
    {
      "code": "100000170847",
      "display": "Coarse spray"
    },
    {
      "code": "200000010603",
      "display": "Intraputaminal use"
    },
    {
      "code": "200000012510",
      "display": "Instillation"
    },
    {
      "code": "200000016447",
      "display": "Injection"
    },
    {
      "code": "200000016448",
      "display": "Solution for infusion"
    },
    {
      "code": "200000016449",
      "display": "Infusion"
    },
    {
      "code": "200000017716",
      "display": "External use"
    },
    {
      "code": "200000017722",
      "display": "Preservative solution"
    },
    {
      "code": "200000017723",
      "display": "Concentrate for solution for infusion"
    },
    {
      "code": "200000017724",
      "display": "Solution for injection"
    },
    {
      "code": "200000017725",
      "display": "Irrigation"
    },
    {
      "code": "200000022791",
      "display": "Intrafollicular use"
    },
    {
      "code": "200000022792",
      "display": "Intratesticular use"
    },
    {
      "code": "100000075250",
      "display": "Enteral use"
    },
    {
      "code": "100000111215",
      "display": "Intrathoracic use"
    },
    {
      "code": "100000111214",
      "display": "Intrameningeal use"
    },
    {
      "code": "100000143556",
      "display": "Nail use"
    },
    {
      "code": "100000073584",
      "display": "Inhalation use"
    },
    {
      "code": "100000073585",
      "display": "Intestinal use"
    },
    {
      "code": "100000073573",
      "display": "Epilesional use"
    },
    {
      "code": "100000073574",
      "display": "Extraamniotic use"
    },
    {
      "code": "100000073578",
      "display": "Gingival use"
    },
    {
      "code": "100000073586",
      "display": "Intraamniotic use"
    },
    {
      "code": "100000073590",
      "display": "Intracardiac use"
    },
    {
      "code": "100000073615",
      "display": "Nasal use"
    },
    {
      "code": "100000073617",
      "display": "Ocular use"
    },
    {
      "code": "100000073593",
      "display": "Intracervical use"
    },
    {
      "code": "100000073596",
      "display": "Intradiscal use"
    },
    {
      "code": "100000073600",
      "display": "Intramuscular use"
    },
    {
      "code": "100000073602",
      "display": "Intraosseous use"
    },
    {
      "code": "100000073603",
      "display": "Intrapericardial use"
    },
    {
      "code": "100000073605",
      "display": "Intrapleural use"
    },
    {
      "code": "100000073609",
      "display": "Intratumoral use"
    },
    {
      "code": "100000073610",
      "display": "Intrauterine use"
    },
    {
      "code": "100000073611",
      "display": "Intravenous use"
    },
    {
      "code": "100000073612",
      "display": "Intravesical use"
    },
    {
      "code": "100000073619",
      "display": "Oral use"
    },
    {
      "code": "100000073623",
      "display": "Periarticular use"
    },
    {
      "code": "100000073624",
      "display": "Perineural use"
    },
    {
      "code": "100000073626",
      "display": "Posterior juxtascleral use"
    },
    {
      "code": "100000073628",
      "display": "Rectal use"
    },
    {
      "code": "100000073629",
      "display": "Route of administration not applicable"
    },
    {
      "code": "100000073630",
      "display": "Skin scarification"
    },
    {
      "code": "100000073632",
      "display": "Subconjunctival use"
    },
    {
      "code": "100000073633",
      "display": "Subcutaneous use"
    },
    {
      "code": "100000073634",
      "display": "Sublingual use"
    },
    {
      "code": "100000073637",
      "display": "Transdermal use"
    },
    {
      "code": "100000073639",
      "display": "Vaginal use"
    },
    {
      "code": "100000075239",
      "display": "Intraepidermal use"
    },
    {
      "code": "100000075264",
      "display": "Retrobulbar use"
    },
    {
      "code": "100000075554",
      "display": "Submucosal use"
    },
    {
      "code": "100000111213",
      "display": "Intracorneal use"
    },
    {
      "code": "100000075248",
      "display": "Infiltration"
    },
    {
      "code": "100000075249",
      "display": "Implantation"
    },
    {
      "code": "100000075269",
      "display": "Iontophoresis"
    },
    {
      "code": "100000075274",
      "display": "Intracisternal use"
    },
    {
      "code": "100000075275",
      "display": "Buccal use"
    },
    {
      "code": "100000075276",
      "display": "Intracartilaginous use"
    },
    {
      "code": "100000075556",
      "display": "Extracorporeal use"
    },
    {
      "code": "200000010645",
      "display": "Transmammary"
    },
    {
      "code": "200000024875",
      "display": "Extrapleural use"
    },
    {
      "code": "100000125763",
      "display": "Intracameral use"
    },
    {
      "code": "100000155948",
      "display": "Intraportal use"
    },
    {
      "code": "100000156091",
      "display": "Intracholangiopancreatic use"
    },
    {
      "code": "100000156092",
      "display": "Peritumoral use"
    },
    {
      "code": "100000157797",
      "display": "Intraglandular use"
    },
    {
      "code": "100000170084",
      "display": "Subretinal use"
    },
    {
      "code": "100000170279",
      "display": "Intracerebroventricular use"
    },
    {
      "code": "200000010644",
      "display": "Transplacental"
    },
    {
      "code": "100000073576",
      "display": "Gastroenteral use"
    },
    {
      "code": "100000073613",
      "display": "Intravitreal use"
    },
    {
      "code": "100000073638",
      "display": "Urethral use"
    },
    {
      "code": "200000010643",
      "display": "Topical"
    },
    {
      "code": "100000073592",
      "display": "Intracerebral use"
    },
    {
      "code": "100000073621",
      "display": "Oropharyngeal use"
    },
    {
      "code": "100000073608",
      "display": "Intrathecal use"
    }
  ]
}