{
  "resourceType": "CodeSystem",
  "id": "material-ema-cs",
  "text": {
    "status": "generated",
    "div": "<div xmlns=\"http://www.w3.org/1999/xhtml\"><p>This code system <code>http://spor.ema.europa.eu/v1/lists/200000003199</code> defines the following codes:</p><table class=\"codes\"><tr><td style=\"white-space:nowrap\"><b>Code</b></td><td><b>Display</b></td></tr><tr><td style=\"white-space:nowrap\">200000025262<a name=\"material-ema-cs-200000025262\"> </a></td><td>PolyEthylene TerePhthalate Glycol</td></tr><tr><td style=\"white-space:nowrap\">200000025919<a name=\"material-ema-cs-200000025919\"> </a></td><td>Titanium Dioxide</td></tr><tr><td style=\"white-space:nowrap\">200000003205<a name=\"material-ema-cs-200000003205\"> </a></td><td>Glass type II</td></tr><tr><td style=\"white-space:nowrap\">200000003206<a name=\"material-ema-cs-200000003206\"> </a></td><td>Glass type III</td></tr><tr><td style=\"white-space:nowrap\">200000003207<a name=\"material-ema-cs-200000003207\"> </a></td><td>Paper</td></tr><tr><td style=\"white-space:nowrap\">200000015521<a name=\"material-ema-cs-200000015521\"> </a></td><td>PolyEthylene copolymer</td></tr><tr><td style=\"white-space:nowrap\">200000027028<a name=\"material-ema-cs-200000027028\"> </a></td><td>Ethylene-Vinyl Acetate</td></tr><tr><td style=\"white-space:nowrap\">200000003201<a name=\"material-ema-cs-200000003201\"> </a></td><td>Cyclic Olefin Copolymer</td></tr><tr><td style=\"white-space:nowrap\">200000003202<a name=\"material-ema-cs-200000003202\"> </a></td><td>Epoxyphenol</td></tr><tr><td style=\"white-space:nowrap\">200000003203<a name=\"material-ema-cs-200000003203\"> </a></td><td>Glass</td></tr><tr><td style=\"white-space:nowrap\">200000003208<a name=\"material-ema-cs-200000003208\"> </a></td><td>Plastic</td></tr><tr><td style=\"white-space:nowrap\">200000003209<a name=\"material-ema-cs-200000003209\"> </a></td><td>PolyAmide</td></tr><tr><td style=\"white-space:nowrap\">200000003210<a name=\"material-ema-cs-200000003210\"> </a></td><td>Orientated PolyAmide</td></tr><tr><td style=\"white-space:nowrap\">200000003211<a name=\"material-ema-cs-200000003211\"> </a></td><td>PolyCarbonate</td></tr><tr><td style=\"white-space:nowrap\">200000003212<a name=\"material-ema-cs-200000003212\"> </a></td><td>PolyChloroTriFluoroEthylene</td></tr><tr><td style=\"white-space:nowrap\">200000003213<a name=\"material-ema-cs-200000003213\"> </a></td><td>Polyester</td></tr><tr><td style=\"white-space:nowrap\">200000003214<a name=\"material-ema-cs-200000003214\"> </a></td><td>PolyEthylene</td></tr><tr><td style=\"white-space:nowrap\">200000003216<a name=\"material-ema-cs-200000003216\"> </a></td><td>Low Density PolyEthylene</td></tr><tr><td style=\"white-space:nowrap\">200000003217<a name=\"material-ema-cs-200000003217\"> </a></td><td>PolyEthylene TerePhthalate</td></tr><tr><td style=\"white-space:nowrap\">200000003218<a name=\"material-ema-cs-200000003218\"> </a></td><td>Polyolefin</td></tr><tr><td style=\"white-space:nowrap\">200000003219<a name=\"material-ema-cs-200000003219\"> </a></td><td>PolyPropylene</td></tr><tr><td style=\"white-space:nowrap\">200000003220<a name=\"material-ema-cs-200000003220\"> </a></td><td>PolyStyrene</td></tr><tr><td style=\"white-space:nowrap\">200000003221<a name=\"material-ema-cs-200000003221\"> </a></td><td>PolyVinyl Acetate</td></tr><tr><td style=\"white-space:nowrap\">200000003222<a name=\"material-ema-cs-200000003222\"> </a></td><td>PolyVinyl Chloride</td></tr><tr><td style=\"white-space:nowrap\">200000003223<a name=\"material-ema-cs-200000003223\"> </a></td><td>Plasticised PolyVinyl Chloride</td></tr><tr><td style=\"white-space:nowrap\">200000003224<a name=\"material-ema-cs-200000003224\"> </a></td><td>Non-plasticised PolyVinyl Chloride / Unplasticised PolyVinyl Chloride</td></tr><tr><td style=\"white-space:nowrap\">200000003225<a name=\"material-ema-cs-200000003225\"> </a></td><td>PolyVinylidene Chloride</td></tr><tr><td style=\"white-space:nowrap\">200000003226<a name=\"material-ema-cs-200000003226\"> </a></td><td>Rubber</td></tr><tr><td style=\"white-space:nowrap\">200000003227<a name=\"material-ema-cs-200000003227\"> </a></td><td>Silicone oil</td></tr><tr><td style=\"white-space:nowrap\">200000003228<a name=\"material-ema-cs-200000003228\"> </a></td><td>Silicone elastomer</td></tr><tr><td style=\"white-space:nowrap\">200000003229<a name=\"material-ema-cs-200000003229\"> </a></td><td>Steel</td></tr><tr><td style=\"white-space:nowrap\">200000003529<a name=\"material-ema-cs-200000003529\"> </a></td><td>Cardboard</td></tr><tr><td style=\"white-space:nowrap\">200000012514<a name=\"material-ema-cs-200000012514\"> </a></td><td>PolyAcryloNitrile</td></tr><tr><td style=\"white-space:nowrap\">200000012515<a name=\"material-ema-cs-200000012515\"> </a></td><td>Ethylene acrylic acid copolymer</td></tr><tr><td style=\"white-space:nowrap\">200000012521<a name=\"material-ema-cs-200000012521\"> </a></td><td>Ethylene meta-acrylic acid</td></tr><tr><td style=\"white-space:nowrap\">200000012522<a name=\"material-ema-cs-200000012522\"> </a></td><td>Ethylene-Vinyl Alcohol copolymer</td></tr><tr><td style=\"white-space:nowrap\">200000012523<a name=\"material-ema-cs-200000012523\"> </a></td><td>PolyVinylidene Fluoride</td></tr><tr><td style=\"white-space:nowrap\">200000012524<a name=\"material-ema-cs-200000012524\"> </a></td><td>Medium Density PolyEthylene</td></tr><tr><td style=\"white-space:nowrap\">200000023330<a name=\"material-ema-cs-200000023330\"> </a></td><td>Expanded Polyethylene</td></tr><tr><td style=\"white-space:nowrap\">200000025255<a name=\"material-ema-cs-200000025255\"> </a></td><td>Silica gel</td></tr><tr><td style=\"white-space:nowrap\">200000025257<a name=\"material-ema-cs-200000025257\"> </a></td><td>Linear Low Density PolyEthylene</td></tr><tr><td style=\"white-space:nowrap\">200000025918<a name=\"material-ema-cs-200000025918\"> </a></td><td>PolyButyl Methacrylate</td></tr><tr><td style=\"white-space:nowrap\">200000025920<a name=\"material-ema-cs-200000025920\"> </a></td><td>PolyButylene Terephthalate</td></tr><tr><td style=\"white-space:nowrap\">200000025921<a name=\"material-ema-cs-200000025921\"> </a></td><td>Acrylonitrile Butadiene Styrene</td></tr><tr><td style=\"white-space:nowrap\">200000025922<a name=\"material-ema-cs-200000025922\"> </a></td><td>PolyOxyMethylene</td></tr><tr><td style=\"white-space:nowrap\">200000025923<a name=\"material-ema-cs-200000025923\"> </a></td><td>Chlorobutyl Rubber</td></tr><tr><td style=\"white-space:nowrap\">200000003200<a name=\"material-ema-cs-200000003200\"> </a></td><td>Aluminium</td></tr><tr><td style=\"white-space:nowrap\">200000003204<a name=\"material-ema-cs-200000003204\"> </a></td><td>Glass type I</td></tr><tr><td style=\"white-space:nowrap\">200000003215<a name=\"material-ema-cs-200000003215\"> </a></td><td>High Density PolyEthylene</td></tr><tr><td style=\"white-space:nowrap\">200000012538<a name=\"material-ema-cs-200000012538\"> </a></td><td>Syndiotactic Polypropylene</td></tr><tr><td style=\"white-space:nowrap\">200000023332<a name=\"material-ema-cs-200000023332\"> </a></td><td>Cyclic Olefin Polymer</td></tr><tr><td style=\"white-space:nowrap\">200000026009<a name=\"material-ema-cs-200000026009\"> </a></td><td>Bromobutyl Rubber</td></tr></table></div>"
  },
  "url": "http://spor.ema.europa.eu/v1/lists/200000003199",
  "version": "0.1.0",
  "name": "Material_EMA_CS",
  "title": "Material EMA",
  "status": "draft",
  "date": "2022-11-20T07:03:41+00:00",
  "publisher": "UNICOM",
  "contact": [
    {
      "name": "UNICOM",
      "telecom": [
        {
          "system": "url",
          "value": "http://medigree.net"
        }
      ]
    }
  ],
  "description": "Package material. EMA SPOR RMS list. Hierarchical.",
  "caseSensitive": true,
  "compositional": false,
  "content": "complete",
  "count": 52,
  "concept": [
    {
      "code": "200000025262",
      "display": "PolyEthylene TerePhthalate Glycol"
    },
    {
      "code": "200000025919",
      "display": "Titanium Dioxide"
    },
    {
      "code": "200000003205",
      "display": "Glass type II",
      "property": [
        {
          "code": "parent",
          "valueCode": "200000003203"
        }
      ]
    },
    {
      "code": "200000003206",
      "display": "Glass type III",
      "property": [
        {
          "code": "parent",
          "valueCode": "200000003203"
        }
      ]
    },
    {
      "code": "200000003207",
      "display": "Paper"
    },
    {
      "code": "200000015521",
      "display": "PolyEthylene copolymer"
    },
    {
      "code": "200000027028",
      "display": "Ethylene-Vinyl Acetate"
    },
    {
      "code": "200000003201",
      "display": "Cyclic Olefin Copolymer"
    },
    {
      "code": "200000003202",
      "display": "Epoxyphenol"
    },
    {
      "code": "200000003203",
      "display": "Glass"
    },
    {
      "code": "200000003208",
      "display": "Plastic"
    },
    {
      "code": "200000003209",
      "display": "PolyAmide"
    },
    {
      "code": "200000003210",
      "display": "Orientated PolyAmide",
      "property": [
        {
          "code": "parent",
          "valueCode": "200000003209"
        }
      ]
    },
    {
      "code": "200000003211",
      "display": "PolyCarbonate"
    },
    {
      "code": "200000003212",
      "display": "PolyChloroTriFluoroEthylene"
    },
    {
      "code": "200000003213",
      "display": "Polyester"
    },
    {
      "code": "200000003214",
      "display": "PolyEthylene"
    },
    {
      "code": "200000003216",
      "display": "Low Density PolyEthylene",
      "property": [
        {
          "code": "parent",
          "valueCode": "200000003214"
        }
      ]
    },
    {
      "code": "200000003217",
      "display": "PolyEthylene TerePhthalate"
    },
    {
      "code": "200000003218",
      "display": "Polyolefin"
    },
    {
      "code": "200000003219",
      "display": "PolyPropylene"
    },
    {
      "code": "200000003220",
      "display": "PolyStyrene"
    },
    {
      "code": "200000003221",
      "display": "PolyVinyl Acetate"
    },
    {
      "code": "200000003222",
      "display": "PolyVinyl Chloride"
    },
    {
      "code": "200000003223",
      "display": "Plasticised PolyVinyl Chloride",
      "property": [
        {
          "code": "parent",
          "valueCode": "200000003222"
        }
      ]
    },
    {
      "code": "200000003224",
      "display": "Non-plasticised PolyVinyl Chloride / Unplasticised PolyVinyl Chloride",
      "property": [
        {
          "code": "parent",
          "valueCode": "200000003222"
        }
      ]
    },
    {
      "code": "200000003225",
      "display": "PolyVinylidene Chloride"
    },
    {
      "code": "200000003226",
      "display": "Rubber"
    },
    {
      "code": "200000003227",
      "display": "Silicone oil"
    },
    {
      "code": "200000003228",
      "display": "Silicone elastomer"
    },
    {
      "code": "200000003229",
      "display": "Steel"
    },
    {
      "code": "200000003529",
      "display": "Cardboard"
    },
    {
      "code": "200000012514",
      "display": "PolyAcryloNitrile"
    },
    {
      "code": "200000012515",
      "display": "Ethylene acrylic acid copolymer"
    },
    {
      "code": "200000012521",
      "display": "Ethylene meta-acrylic acid"
    },
    {
      "code": "200000012522",
      "display": "Ethylene-Vinyl Alcohol copolymer"
    },
    {
      "code": "200000012523",
      "display": "PolyVinylidene Fluoride"
    },
    {
      "code": "200000012524",
      "display": "Medium Density PolyEthylene"
    },
    {
      "code": "200000023330",
      "display": "Expanded Polyethylene"
    },
    {
      "code": "200000025255",
      "display": "Silica gel"
    },
    {
      "code": "200000025257",
      "display": "Linear Low Density PolyEthylene",
      "property": [
        {
          "code": "parent",
          "valueCode": "200000003216"
        }
      ]
    },
    {
      "code": "200000025918",
      "display": "PolyButyl Methacrylate"
    },
    {
      "code": "200000025920",
      "display": "PolyButylene Terephthalate"
    },
    {
      "code": "200000025921",
      "display": "Acrylonitrile Butadiene Styrene"
    },
    {
      "code": "200000025922",
      "display": "PolyOxyMethylene"
    },
    {
      "code": "200000025923",
      "display": "Chlorobutyl Rubber"
    },
    {
      "code": "200000003200",
      "display": "Aluminium"
    },
    {
      "code": "200000003204",
      "display": "Glass type I",
      "property": [
        {
          "code": "parent",
          "valueCode": "200000003203"
        }
      ]
    },
    {
      "code": "200000003215",
      "display": "High Density PolyEthylene",
      "property": [
        {
          "code": "parent",
          "valueCode": "200000003214"
        }
      ]
    },
    {
      "code": "200000012538",
      "display": "Syndiotactic Polypropylene",
      "property": [
        {
          "code": "parent",
          "valueCode": "200000003219"
        }
      ]
    },
    {
      "code": "200000023332",
      "display": "Cyclic Olefin Polymer"
    },
    {
      "code": "200000026009",
      "display": "Bromobutyl Rubber"
    }
  ]
}