{
  "resourceType": "ImplementationGuide",
  "id": "hl7.eu.fhir.unicom",
  "text": {
    "status": "extensions",
    "div": "<div xmlns=\"http://www.w3.org/1999/xhtml\"><h2>UnicomIG</h2><p>The official URL for this implementation guide is: </p><pre>http://unicom-project.eu/fhir/ImplementationGuide/hl7.eu.fhir.unicom</pre><div><p>UnicomIG</p>\n</div></div>"
  },
  "url": "http://unicom-project.eu/fhir/ImplementationGuide/hl7.eu.fhir.unicom",
  "version": "0.1.0",
  "name": "UnicomIG",
  "title": "UnicomIG",
  "status": "draft",
  "date": "2022-10-30T17:01:43+00:00",
  "publisher": "UNICOM",
  "contact": [
    {
      "name": "UNICOM",
      "telecom": [
        {
          "system": "url",
          "value": "http://medigree.net"
        }
      ]
    }
  ],
  "description": "UnicomIG",
  "packageId": "hl7.eu.fhir.unicom",
  "license": "CC0-1.0",
  "fhirVersion": [
    "5.0.0-ballot"
  ],
  "dependsOn": [
    {
      "id": "hl7tx",
      "uri": "http://terminology.hl7.org/ImplementationGuide/hl7.terminology",
      "packageId": "hl7.terminology.r5",
      "version": "4.0.0"
    }
  ],
  "definition": {
    "extension": [
      {
        "extension": [
          {
            "url": "code",
            "valueString": "copyrightyear"
          },
          {
            "url": "value",
            "valueString": "2022+"
          }
        ],
        "url": "http://hl7.org/fhir/tools/StructureDefinition/ig-parameter"
      },
      {
        "extension": [
          {
            "url": "code",
            "valueString": "releaselabel"
          },
          {
            "url": "value",
            "valueString": "ci-build"
          }
        ],
        "url": "http://hl7.org/fhir/tools/StructureDefinition/ig-parameter"
      },
      {
        "extension": [
          {
            "url": "code",
            "valueString": "autoload-resources"
          },
          {
            "url": "value",
            "valueString": "true"
          }
        ],
        "url": "http://hl7.org/fhir/tools/StructureDefinition/ig-parameter"
      },
      {
        "extension": [
          {
            "url": "code",
            "valueString": "path-liquid"
          },
          {
            "url": "value",
            "valueString": "template/liquid"
          }
        ],
        "url": "http://hl7.org/fhir/tools/StructureDefinition/ig-parameter"
      },
      {
        "extension": [
          {
            "url": "code",
            "valueString": "path-liquid"
          },
          {
            "url": "value",
            "valueString": "input/liquid"
          }
        ],
        "url": "http://hl7.org/fhir/tools/StructureDefinition/ig-parameter"
      },
      {
        "extension": [
          {
            "url": "code",
            "valueString": "path-qa"
          },
          {
            "url": "value",
            "valueString": "temp/qa"
          }
        ],
        "url": "http://hl7.org/fhir/tools/StructureDefinition/ig-parameter"
      },
      {
        "extension": [
          {
            "url": "code",
            "valueString": "path-temp"
          },
          {
            "url": "value",
            "valueString": "temp/pages"
          }
        ],
        "url": "http://hl7.org/fhir/tools/StructureDefinition/ig-parameter"
      },
      {
        "extension": [
          {
            "url": "code",
            "valueString": "path-output"
          },
          {
            "url": "value",
            "valueString": "output"
          }
        ],
        "url": "http://hl7.org/fhir/tools/StructureDefinition/ig-parameter"
      },
      {
        "extension": [
          {
            "url": "code",
            "valueString": "path-suppressed-warnings"
          },
          {
            "url": "value",
            "valueString": "input/ignoreWarnings.txt"
          }
        ],
        "url": "http://hl7.org/fhir/tools/StructureDefinition/ig-parameter"
      },
      {
        "extension": [
          {
            "url": "code",
            "valueString": "path-history"
          },
          {
            "url": "value",
            "valueString": "http://unicom-project.eu/fhir/history.html"
          }
        ],
        "url": "http://hl7.org/fhir/tools/StructureDefinition/ig-parameter"
      },
      {
        "extension": [
          {
            "url": "code",
            "valueString": "template-html"
          },
          {
            "url": "value",
            "valueString": "template-page.html"
          }
        ],
        "url": "http://hl7.org/fhir/tools/StructureDefinition/ig-parameter"
      },
      {
        "extension": [
          {
            "url": "code",
            "valueString": "template-md"
          },
          {
            "url": "value",
            "valueString": "template-page-md.html"
          }
        ],
        "url": "http://hl7.org/fhir/tools/StructureDefinition/ig-parameter"
      },
      {
        "extension": [
          {
            "url": "code",
            "valueString": "apply-contact"
          },
          {
            "url": "value",
            "valueString": "true"
          }
        ],
        "url": "http://hl7.org/fhir/tools/StructureDefinition/ig-parameter"
      },
      {
        "extension": [
          {
            "url": "code",
            "valueString": "apply-context"
          },
          {
            "url": "value",
            "valueString": "true"
          }
        ],
        "url": "http://hl7.org/fhir/tools/StructureDefinition/ig-parameter"
      },
      {
        "extension": [
          {
            "url": "code",
            "valueString": "apply-copyright"
          },
          {
            "url": "value",
            "valueString": "true"
          }
        ],
        "url": "http://hl7.org/fhir/tools/StructureDefinition/ig-parameter"
      },
      {
        "extension": [
          {
            "url": "code",
            "valueString": "apply-jurisdiction"
          },
          {
            "url": "value",
            "valueString": "true"
          }
        ],
        "url": "http://hl7.org/fhir/tools/StructureDefinition/ig-parameter"
      },
      {
        "extension": [
          {
            "url": "code",
            "valueString": "apply-license"
          },
          {
            "url": "value",
            "valueString": "true"
          }
        ],
        "url": "http://hl7.org/fhir/tools/StructureDefinition/ig-parameter"
      },
      {
        "extension": [
          {
            "url": "code",
            "valueString": "apply-publisher"
          },
          {
            "url": "value",
            "valueString": "true"
          }
        ],
        "url": "http://hl7.org/fhir/tools/StructureDefinition/ig-parameter"
      },
      {
        "extension": [
          {
            "url": "code",
            "valueString": "apply-version"
          },
          {
            "url": "value",
            "valueString": "true"
          }
        ],
        "url": "http://hl7.org/fhir/tools/StructureDefinition/ig-parameter"
      },
      {
        "extension": [
          {
            "url": "code",
            "valueString": "active-tables"
          },
          {
            "url": "value",
            "valueString": "true"
          }
        ],
        "url": "http://hl7.org/fhir/tools/StructureDefinition/ig-parameter"
      },
      {
        "extension": [
          {
            "url": "code",
            "valueString": "fmm-definition"
          },
          {
            "url": "value",
            "valueString": "http://hl7.org/fhir/versions.html#maturity"
          }
        ],
        "url": "http://hl7.org/fhir/tools/StructureDefinition/ig-parameter"
      },
      {
        "extension": [
          {
            "url": "code",
            "valueString": "propagate-status"
          },
          {
            "url": "value",
            "valueString": "true"
          }
        ],
        "url": "http://hl7.org/fhir/tools/StructureDefinition/ig-parameter"
      },
      {
        "extension": [
          {
            "url": "code",
            "valueString": "excludelogbinaryformat"
          },
          {
            "url": "value",
            "valueString": "true"
          }
        ],
        "url": "http://hl7.org/fhir/tools/StructureDefinition/ig-parameter"
      },
      {
        "extension": [
          {
            "url": "code",
            "valueString": "tabbed-snapshots"
          },
          {
            "url": "value",
            "valueString": "true"
          }
        ],
        "url": "http://hl7.org/fhir/tools/StructureDefinition/ig-parameter"
      }
    ],
    "resource": [
      {
        "extension": [
          {
            "url": "http://hl7.org/fhir/tools/StructureDefinition/resource-information",
            "valueString": "StructureDefinition:complex-type"
          }
        ],
        "reference": {
          "reference": "StructureDefinition/CD"
        },
        "name": "CD",
        "description": "Concept descriptor",
        "isExample": false
      },
      {
        "extension": [
          {
            "url": "http://hl7.org/fhir/tools/StructureDefinition/resource-information",
            "valueString": "StructureDefinition:complex-type"
          }
        ],
        "reference": {
          "reference": "StructureDefinition/DT"
        },
        "name": "DT",
        "description": "Date",
        "isExample": false
      },
      {
        "extension": [
          {
            "url": "http://hl7.org/fhir/tools/StructureDefinition/resource-information",
            "valueString": "StructureDefinition:complex-type"
          }
        ],
        "reference": {
          "reference": "StructureDefinition/II"
        },
        "name": "II",
        "description": "Instance Identifier",
        "isExample": false
      },
      {
        "extension": [
          {
            "url": "http://hl7.org/fhir/tools/StructureDefinition/resource-information",
            "valueString": "StructureDefinition:resource"
          }
        ],
        "reference": {
          "reference": "StructureDefinition/MPDBundle"
        },
        "name": "PPL Medicinal Product Bundle profile",
        "description": "Medicinal product with all its relevant data as one bundle, including packages, MA and pharmaceutical product",
        "isExample": false
      },
      {
        "extension": [
          {
            "url": "http://hl7.org/fhir/tools/StructureDefinition/resource-information",
            "valueString": "StructureDefinition:resource"
          }
        ],
        "reference": {
          "reference": "StructureDefinition/PPLAdministrableProductDefinition"
        },
        "name": "PPL Administrable Product profile",
        "description": "Administrable product profile defines the ISO IDMP Pharmaceutical Product concept",
        "isExample": false
      },
      {
        "extension": [
          {
            "url": "http://hl7.org/fhir/tools/StructureDefinition/resource-information",
            "valueString": "StructureDefinition:resource"
          }
        ],
        "reference": {
          "reference": "StructureDefinition/PPLIngredient"
        },
        "name": "PPL Ingredient profile",
        "description": "Ingredient for the medicinal product, pharmaceutical product and/or manufactured item",
        "isExample": false
      },
      {
        "extension": [
          {
            "url": "http://hl7.org/fhir/tools/StructureDefinition/resource-information",
            "valueString": "StructureDefinition:resource"
          }
        ],
        "reference": {
          "reference": "StructureDefinition/PPLManufacturedItemDefinition"
        },
        "name": "PPL Manufactured Item profile",
        "description": "Manufactured item is the countable element inside the package",
        "isExample": false
      },
      {
        "extension": [
          {
            "url": "http://hl7.org/fhir/tools/StructureDefinition/resource-information",
            "valueString": "StructureDefinition:resource"
          }
        ],
        "reference": {
          "reference": "StructureDefinition/PPLMedicinalProductDefinition"
        },
        "name": "PPL Medicinal Product profile",
        "description": "Medicinal Product as defined in ISO IDMP",
        "isExample": false
      },
      {
        "extension": [
          {
            "url": "http://hl7.org/fhir/tools/StructureDefinition/resource-information",
            "valueString": "StructureDefinition:resource"
          }
        ],
        "reference": {
          "reference": "StructureDefinition/PPLOrganization"
        },
        "name": "PPL Organization",
        "description": "Organization",
        "isExample": false
      },
      {
        "extension": [
          {
            "url": "http://hl7.org/fhir/tools/StructureDefinition/resource-information",
            "valueString": "StructureDefinition:resource"
          }
        ],
        "reference": {
          "reference": "StructureDefinition/PPLPackagedProductDefinition"
        },
        "name": "PPL Packaged Product profile",
        "description": "Packaged Product",
        "isExample": false
      },
      {
        "extension": [
          {
            "url": "http://hl7.org/fhir/tools/StructureDefinition/resource-information",
            "valueString": "StructureDefinition:resource"
          }
        ],
        "reference": {
          "reference": "StructureDefinition/PPLRegulatedAuthorization"
        },
        "name": "PPL Marketing Authorisation profile",
        "description": "Regulated Authorization profile defines the Marketing Authorisation on product or package level",
        "isExample": false
      },
      {
        "extension": [
          {
            "url": "http://hl7.org/fhir/tools/StructureDefinition/resource-information",
            "valueString": "StructureDefinition:complex-type"
          }
        ],
        "reference": {
          "reference": "StructureDefinition/QT"
        },
        "name": "QT",
        "description": "Quantity",
        "isExample": false
      },
      {
        "extension": [
          {
            "url": "http://hl7.org/fhir/tools/StructureDefinition/resource-information",
            "valueString": "StructureDefinition:complex-type"
          }
        ],
        "reference": {
          "reference": "StructureDefinition/ST"
        },
        "name": "ST",
        "description": "String",
        "isExample": false
      },
      {
        "extension": [
          {
            "url": "http://hl7.org/fhir/tools/StructureDefinition/resource-information",
            "valueString": "StructureDefinition:complex-type"
          }
        ],
        "reference": {
          "reference": "StructureDefinition/TS"
        },
        "name": "TS",
        "description": "Time stamp",
        "isExample": false
      },
      {
        "extension": [
          {
            "url": "http://hl7.org/fhir/tools/StructureDefinition/resource-information",
            "valueString": "StructureDefinition:complex-type"
          }
        ],
        "reference": {
          "reference": "StructureDefinition/class"
        },
        "name": "class",
        "description": "Class of data elements",
        "isExample": false
      },
      {
        "extension": [
          {
            "url": "http://hl7.org/fhir/tools/StructureDefinition/resource-information",
            "valueString": "StructureDefinition:complex-type"
          }
        ],
        "reference": {
          "reference": "StructureDefinition/untyped"
        },
        "name": "untyped",
        "description": "No data type defined",
        "isExample": false
      },
      {
        "extension": [
          {
            "url": "http://hl7.org/fhir/tools/StructureDefinition/resource-information",
            "valueString": "StructureDefinition:logical"
          }
        ],
        "reference": {
          "reference": "StructureDefinition/FullMedicinalProduct"
        },
        "name": "Medicinal Product",
        "description": "Medicinal Product",
        "isExample": false
      }
    ],
    "page": {
      "sourceUrl": "toc.html",
      "name": "toc.html",
      "title": "Table of Contents",
      "generation": "html",
      "page": [
        {
          "sourceUrl": "index.html",
          "name": "index.html",
          "title": "Home",
          "generation": "html"
        }
      ]
    },
    "parameter": [
      {
        "code": {
          "system": "http://hl7.org/fhir/guide-parameter-code",
          "code": "path-resource"
        },
        "value": "input/capabilities"
      },
      {
        "code": {
          "system": "http://hl7.org/fhir/guide-parameter-code",
          "code": "path-resource"
        },
        "value": "input/examples"
      },
      {
        "code": {
          "system": "http://hl7.org/fhir/guide-parameter-code",
          "code": "path-resource"
        },
        "value": "input/extensions"
      },
      {
        "code": {
          "system": "http://hl7.org/fhir/guide-parameter-code",
          "code": "path-resource"
        },
        "value": "input/models"
      },
      {
        "code": {
          "system": "http://hl7.org/fhir/guide-parameter-code",
          "code": "path-resource"
        },
        "value": "input/operations"
      },
      {
        "code": {
          "system": "http://hl7.org/fhir/guide-parameter-code",
          "code": "path-resource"
        },
        "value": "input/profiles"
      },
      {
        "code": {
          "system": "http://hl7.org/fhir/guide-parameter-code",
          "code": "path-resource"
        },
        "value": "input/resources"
      },
      {
        "code": {
          "system": "http://hl7.org/fhir/guide-parameter-code",
          "code": "path-resource"
        },
        "value": "input/vocabulary"
      },
      {
        "code": {
          "system": "http://hl7.org/fhir/guide-parameter-code",
          "code": "path-resource"
        },
        "value": "input/maps"
      },
      {
        "code": {
          "system": "http://hl7.org/fhir/guide-parameter-code",
          "code": "path-resource"
        },
        "value": "input/testing"
      },
      {
        "code": {
          "system": "http://hl7.org/fhir/guide-parameter-code",
          "code": "path-resource"
        },
        "value": "input/history"
      },
      {
        "code": {
          "system": "http://hl7.org/fhir/guide-parameter-code",
          "code": "path-resource"
        },
        "value": "fsh-generated/resources"
      },
      {
        "code": {
          "system": "http://hl7.org/fhir/guide-parameter-code",
          "code": "path-pages"
        },
        "value": "template/config"
      },
      {
        "code": {
          "system": "http://hl7.org/fhir/guide-parameter-code",
          "code": "path-pages"
        },
        "value": "input/images"
      },
      {
        "code": {
          "system": "http://hl7.org/fhir/guide-parameter-code",
          "code": "path-tx-cache"
        },
        "value": "input-cache/txcache"
      },
      {
        "code": {
          "system": "http://hl7.org/fhir/tools/CodeSystem/ig-parameters",
          "code": "copyrightyear"
        },
        "value": "2022+"
      },
      {
        "code": {
          "system": "http://hl7.org/fhir/tools/CodeSystem/ig-parameters",
          "code": "releaselabel"
        },
        "value": "ci-build"
      },
      {
        "code": {
          "system": "http://hl7.org/fhir/tools/CodeSystem/ig-parameters",
          "code": "autoload-resources"
        },
        "value": "true"
      },
      {
        "code": {
          "system": "http://hl7.org/fhir/tools/CodeSystem/ig-parameters",
          "code": "path-liquid"
        },
        "value": "template/liquid"
      },
      {
        "code": {
          "system": "http://hl7.org/fhir/tools/CodeSystem/ig-parameters",
          "code": "path-liquid"
        },
        "value": "input/liquid"
      },
      {
        "code": {
          "system": "http://hl7.org/fhir/tools/CodeSystem/ig-parameters",
          "code": "path-qa"
        },
        "value": "temp/qa"
      },
      {
        "code": {
          "system": "http://hl7.org/fhir/tools/CodeSystem/ig-parameters",
          "code": "path-temp"
        },
        "value": "temp/pages"
      },
      {
        "code": {
          "system": "http://hl7.org/fhir/tools/CodeSystem/ig-parameters",
          "code": "path-output"
        },
        "value": "output"
      },
      {
        "code": {
          "system": "http://hl7.org/fhir/tools/CodeSystem/ig-parameters",
          "code": "path-suppressed-warnings"
        },
        "value": "input/ignoreWarnings.txt"
      },
      {
        "code": {
          "system": "http://hl7.org/fhir/tools/CodeSystem/ig-parameters",
          "code": "path-history"
        },
        "value": "http://unicom-project.eu/fhir/history.html"
      },
      {
        "code": {
          "system": "http://hl7.org/fhir/tools/CodeSystem/ig-parameters",
          "code": "template-html"
        },
        "value": "template-page.html"
      },
      {
        "code": {
          "system": "http://hl7.org/fhir/tools/CodeSystem/ig-parameters",
          "code": "template-md"
        },
        "value": "template-page-md.html"
      },
      {
        "code": {
          "system": "http://hl7.org/fhir/tools/CodeSystem/ig-parameters",
          "code": "apply-contact"
        },
        "value": "true"
      },
      {
        "code": {
          "system": "http://hl7.org/fhir/tools/CodeSystem/ig-parameters",
          "code": "apply-context"
        },
        "value": "true"
      },
      {
        "code": {
          "system": "http://hl7.org/fhir/tools/CodeSystem/ig-parameters",
          "code": "apply-copyright"
        },
        "value": "true"
      },
      {
        "code": {
          "system": "http://hl7.org/fhir/tools/CodeSystem/ig-parameters",
          "code": "apply-jurisdiction"
        },
        "value": "true"
      },
      {
        "code": {
          "system": "http://hl7.org/fhir/tools/CodeSystem/ig-parameters",
          "code": "apply-license"
        },
        "value": "true"
      },
      {
        "code": {
          "system": "http://hl7.org/fhir/tools/CodeSystem/ig-parameters",
          "code": "apply-publisher"
        },
        "value": "true"
      },
      {
        "code": {
          "system": "http://hl7.org/fhir/tools/CodeSystem/ig-parameters",
          "code": "apply-version"
        },
        "value": "true"
      },
      {
        "code": {
          "system": "http://hl7.org/fhir/tools/CodeSystem/ig-parameters",
          "code": "active-tables"
        },
        "value": "true"
      },
      {
        "code": {
          "system": "http://hl7.org/fhir/tools/CodeSystem/ig-parameters",
          "code": "fmm-definition"
        },
        "value": "http://hl7.org/fhir/versions.html#maturity"
      },
      {
        "code": {
          "system": "http://hl7.org/fhir/tools/CodeSystem/ig-parameters",
          "code": "propagate-status"
        },
        "value": "true"
      },
      {
        "code": {
          "system": "http://hl7.org/fhir/tools/CodeSystem/ig-parameters",
          "code": "excludelogbinaryformat"
        },
        "value": "true"
      },
      {
        "code": {
          "system": "http://hl7.org/fhir/tools/CodeSystem/ig-parameters",
          "code": "tabbed-snapshots"
        },
        "value": "true"
      }
    ]
  }
}