{"resourceType":"CodeSystem","id":"unit-of-presentation-ema-cs","text":{"status":"generated","div":"<div xmlns=\"http://www.w3.org/1999/xhtml\"><p>This code system <code>http://spor.ema.europa.eu/v1/lists/200000000014</code> defines the following codes:</p><table class=\"codes\"><tr><td style=\"white-space:nowrap\"><b>Code</b></td><td><b>Display</b></td></tr><tr><td style=\"white-space:nowrap\">200000022814<a name=\"unit-of-presentation-ema-cs-200000022814\"> </a></td><td>Other</td></tr><tr><td style=\"white-space:nowrap\">200000022839<a name=\"unit-of-presentation-ema-cs-200000022839\"> </a></td><td>Test</td></tr><tr><td style=\"white-space:nowrap\">200000002108<a name=\"unit-of-presentation-ema-cs-200000002108\"> </a></td><td>Barrel</td></tr><tr><td style=\"white-space:nowrap\">200000002109<a name=\"unit-of-presentation-ema-cs-200000002109\"> </a></td><td>Blister</td></tr><tr><td style=\"white-space:nowrap\">200000002110<a name=\"unit-of-presentation-ema-cs-200000002110\"> </a></td><td>Block</td></tr><tr><td style=\"white-space:nowrap\">200000002111<a name=\"unit-of-presentation-ema-cs-200000002111\"> </a></td><td>Bottle</td></tr><tr><td style=\"white-space:nowrap\">200000002112<a name=\"unit-of-presentation-ema-cs-200000002112\"> </a></td><td>Cachet</td></tr><tr><td style=\"white-space:nowrap\">200000002113<a name=\"unit-of-presentation-ema-cs-200000002113\"> </a></td><td>Capsule</td></tr><tr><td style=\"white-space:nowrap\">200000002114<a name=\"unit-of-presentation-ema-cs-200000002114\"> </a></td><td>Cartridge</td></tr><tr><td style=\"white-space:nowrap\">200000002116<a name=\"unit-of-presentation-ema-cs-200000002116\"> </a></td><td>Container</td></tr><tr><td style=\"white-space:nowrap\">200000002117<a name=\"unit-of-presentation-ema-cs-200000002117\"> </a></td><td>Cup</td></tr><tr><td style=\"white-space:nowrap\">200000002118<a name=\"unit-of-presentation-ema-cs-200000002118\"> </a></td><td>Cylinder</td></tr><tr><td style=\"white-space:nowrap\">200000002120<a name=\"unit-of-presentation-ema-cs-200000002120\"> </a></td><td>Dressing</td></tr><tr><td style=\"white-space:nowrap\">200000002121<a name=\"unit-of-presentation-ema-cs-200000002121\"> </a></td><td>Drop</td></tr><tr><td style=\"white-space:nowrap\">200000002122<a name=\"unit-of-presentation-ema-cs-200000002122\"> </a></td><td>Film</td></tr><tr><td style=\"white-space:nowrap\">200000002123<a name=\"unit-of-presentation-ema-cs-200000002123\"> </a></td><td>Chewing gum</td></tr><tr><td style=\"white-space:nowrap\">200000002124<a name=\"unit-of-presentation-ema-cs-200000002124\"> </a></td><td>Implant</td></tr><tr><td style=\"white-space:nowrap\">200000002125<a name=\"unit-of-presentation-ema-cs-200000002125\"> </a></td><td>Inhaler</td></tr><tr><td style=\"white-space:nowrap\">200000002126<a name=\"unit-of-presentation-ema-cs-200000002126\"> </a></td><td>Insert</td></tr><tr><td style=\"white-space:nowrap\">200000002127<a name=\"unit-of-presentation-ema-cs-200000002127\"> </a></td><td>Jar</td></tr><tr><td style=\"white-space:nowrap\">200000002128<a name=\"unit-of-presentation-ema-cs-200000002128\"> </a></td><td>Lozenge</td></tr><tr><td style=\"white-space:nowrap\">200000002129<a name=\"unit-of-presentation-ema-cs-200000002129\"> </a></td><td>Lyophilisate</td></tr><tr><td style=\"white-space:nowrap\">200000002130<a name=\"unit-of-presentation-ema-cs-200000002130\"> </a></td><td>Matrix</td></tr><tr><td style=\"white-space:nowrap\">200000002131<a name=\"unit-of-presentation-ema-cs-200000002131\"> </a></td><td>Pad</td></tr><tr><td style=\"white-space:nowrap\">200000002133<a name=\"unit-of-presentation-ema-cs-200000002133\"> </a></td><td>Pastille</td></tr><tr><td style=\"white-space:nowrap\">200000002134<a name=\"unit-of-presentation-ema-cs-200000002134\"> </a></td><td>Patch</td></tr><tr><td style=\"white-space:nowrap\">200000002135<a name=\"unit-of-presentation-ema-cs-200000002135\"> </a></td><td>Pen</td></tr><tr><td style=\"white-space:nowrap\">200000002137<a name=\"unit-of-presentation-ema-cs-200000002137\"> </a></td><td>Pessary</td></tr><tr><td style=\"white-space:nowrap\">200000002138<a name=\"unit-of-presentation-ema-cs-200000002138\"> </a></td><td>Pillule</td></tr><tr><td style=\"white-space:nowrap\">200000002139<a name=\"unit-of-presentation-ema-cs-200000002139\"> </a></td><td>Pipette</td></tr><tr><td style=\"white-space:nowrap\">200000002140<a name=\"unit-of-presentation-ema-cs-200000002140\"> </a></td><td>Plaster</td></tr><tr><td style=\"white-space:nowrap\">200000002141<a name=\"unit-of-presentation-ema-cs-200000002141\"> </a></td><td>Plug</td></tr><tr><td style=\"white-space:nowrap\">200000002142<a name=\"unit-of-presentation-ema-cs-200000002142\"> </a></td><td>Pouch</td></tr><tr><td style=\"white-space:nowrap\">200000002143<a name=\"unit-of-presentation-ema-cs-200000002143\"> </a></td><td>Sachet</td></tr><tr><td style=\"white-space:nowrap\">200000002144<a name=\"unit-of-presentation-ema-cs-200000002144\"> </a></td><td>Sponge</td></tr><tr><td style=\"white-space:nowrap\">200000002145<a name=\"unit-of-presentation-ema-cs-200000002145\"> </a></td><td>Spoonful</td></tr><tr><td style=\"white-space:nowrap\">200000002146<a name=\"unit-of-presentation-ema-cs-200000002146\"> </a></td><td>Stick</td></tr><tr><td style=\"white-space:nowrap\">200000002147<a name=\"unit-of-presentation-ema-cs-200000002147\"> </a></td><td>Straw</td></tr><tr><td style=\"white-space:nowrap\">200000002148<a name=\"unit-of-presentation-ema-cs-200000002148\"> </a></td><td>Strip</td></tr><tr><td style=\"white-space:nowrap\">200000002149<a name=\"unit-of-presentation-ema-cs-200000002149\"> </a></td><td>Suppository</td></tr><tr><td style=\"white-space:nowrap\">200000002150<a name=\"unit-of-presentation-ema-cs-200000002150\"> </a></td><td>Syringe</td></tr><tr><td style=\"white-space:nowrap\">200000002151<a name=\"unit-of-presentation-ema-cs-200000002151\"> </a></td><td>System</td></tr><tr><td style=\"white-space:nowrap\">200000002152<a name=\"unit-of-presentation-ema-cs-200000002152\"> </a></td><td>Tablet</td></tr><tr><td style=\"white-space:nowrap\">200000002154<a name=\"unit-of-presentation-ema-cs-200000002154\"> </a></td><td>Tampon</td></tr><tr><td style=\"white-space:nowrap\">200000002155<a name=\"unit-of-presentation-ema-cs-200000002155\"> </a></td><td>Thread</td></tr><tr><td style=\"white-space:nowrap\">200000002156<a name=\"unit-of-presentation-ema-cs-200000002156\"> </a></td><td>Tube</td></tr><tr><td style=\"white-space:nowrap\">200000002157<a name=\"unit-of-presentation-ema-cs-200000002157\"> </a></td><td>Vessel</td></tr><tr><td style=\"white-space:nowrap\">200000002158<a name=\"unit-of-presentation-ema-cs-200000002158\"> </a></td><td>Vial</td></tr><tr><td style=\"white-space:nowrap\">200000002163<a name=\"unit-of-presentation-ema-cs-200000002163\"> </a></td><td>Actuation</td></tr><tr><td style=\"white-space:nowrap\">200000002164<a name=\"unit-of-presentation-ema-cs-200000002164\"> </a></td><td>Ampoule</td></tr><tr><td style=\"white-space:nowrap\">200000002165<a name=\"unit-of-presentation-ema-cs-200000002165\"> </a></td><td>Applicator</td></tr><tr><td style=\"white-space:nowrap\">200000002166<a name=\"unit-of-presentation-ema-cs-200000002166\"> </a></td><td>Bag</td></tr><tr><td style=\"white-space:nowrap\">200000016445<a name=\"unit-of-presentation-ema-cs-200000016445\"> </a></td><td>Swab</td></tr></table></div>"},"url":"http://spor.ema.europa.eu/v1/lists/200000000014","version":"0.1.0","name":"UnitOfPresentation_EMA_CS","title":"Unit of Presentation EMA","status":"draft","date":"2022-11-11T13:10:08+00:00","publisher":"UNICOM","contact":[{"name":"UNICOM","telecom":[{"system":"url","value":"http://medigree.net"}]}],"description":"Unit of presentation list from EMA SPOR. List id 200000000014. Content based on EDQM, re-coded with RMS codes.","caseSensitive":false,"compositional":false,"content":"complete","count":53,"concept":[{"code":"200000022814","display":"Other"},{"code":"200000022839","display":"Test"},{"code":"200000002108","display":"Barrel"},{"code":"200000002109","display":"Blister"},{"code":"200000002110","display":"Block"},{"code":"200000002111","display":"Bottle"},{"code":"200000002112","display":"Cachet"},{"code":"200000002113","display":"Capsule"},{"code":"200000002114","display":"Cartridge"},{"code":"200000002116","display":"Container"},{"code":"200000002117","display":"Cup"},{"code":"200000002118","display":"Cylinder"},{"code":"200000002120","display":"Dressing"},{"code":"200000002121","display":"Drop"},{"code":"200000002122","display":"Film"},{"code":"200000002123","display":"Chewing gum"},{"code":"200000002124","display":"Implant"},{"code":"200000002125","display":"Inhaler"},{"code":"200000002126","display":"Insert"},{"code":"200000002127","display":"Jar"},{"code":"200000002128","display":"Lozenge"},{"code":"200000002129","display":"Lyophilisate"},{"code":"200000002130","display":"Matrix"},{"code":"200000002131","display":"Pad"},{"code":"200000002133","display":"Pastille"},{"code":"200000002134","display":"Patch"},{"code":"200000002135","display":"Pen"},{"code":"200000002137","display":"Pessary"},{"code":"200000002138","display":"Pillule"},{"code":"200000002139","display":"Pipette"},{"code":"200000002140","display":"Plaster"},{"code":"200000002141","display":"Plug"},{"code":"200000002142","display":"Pouch"},{"code":"200000002143","display":"Sachet"},{"code":"200000002144","display":"Sponge"},{"code":"200000002145","display":"Spoonful"},{"code":"200000002146","display":"Stick"},{"code":"200000002147","display":"Straw"},{"code":"200000002148","display":"Strip"},{"code":"200000002149","display":"Suppository"},{"code":"200000002150","display":"Syringe"},{"code":"200000002151","display":"System"},{"code":"200000002152","display":"Tablet"},{"code":"200000002154","display":"Tampon"},{"code":"200000002155","display":"Thread"},{"code":"200000002156","display":"Tube"},{"code":"200000002157","display":"Vessel"},{"code":"200000002158","display":"Vial"},{"code":"200000002163","display":"Actuation"},{"code":"200000002164","display":"Ampoule"},{"code":"200000002165","display":"Applicator"},{"code":"200000002166","display":"Bag"},{"code":"200000016445","display":"Swab"}]}