{"resourceType":"ValueSet","id":"country-ema-vs","text":{"status":"generated","div":"<div xmlns=\"http://www.w3.org/1999/xhtml\"><ul><li>Include all codes defined in <a href=\"CodeSystem-country-ema-cs.html\"><code>https://spor.ema.europa.eu/v1/lists/100000000002</code></a></li></ul></div>"},"url":"http://unicom-project.eu/fhir/ValueSet/country-ema-vs","version":"0.1.0","name":"CountryEMA","title":"Country (EMA SPOR RMS)","status":"active","date":"2022-11-22T20:42:27+00:00","publisher":"UNICOM","contact":[{"name":"UNICOM","telecom":[{"system":"url","value":"http://medigree.net"}]}],"description":"Countries. EMA SPOR RMS list.","compose":{"include":[{"system":"https://spor.ema.europa.eu/v1/lists/100000000002"}]}}