"Id","Path","Slice Name","Alias(s)","Label","Min","Max","Must Support?","Is Modifier?","Is Summary?","Type(s)","Short","Definition","Comments","Requirements","Default Value","Meaning When Missing","Fixed Value","Pattern","Example","Minimum Value","Maximum Value","Maximum Length","Binding Strength","Binding Description","Binding Value Set","Code","Slicing Discriminator","Slicing Description","Slicing Ordered","Slicing Rules","Base Path","Base Min","Base Max","Condition(s)","Constraint(s)","Mapping: IDMP Mapping","Mapping: FiveWs Pattern Mapping","Mapping: RIM Mapping"
"PackagedProductDefinition","PackagedProductDefinition","","","",0,*,"","","","","A medically related item or items, in a container or package","A medically related item or items, in a container or package.","","","","","","","","","",,,,,"",,,,"PackagedProductDefinition",0,*,"","","Packaged Medicinal Product","administrative.medication","Entity. Role, or Act"
"PackagedProductDefinition.id","PackagedProductDefinition.id","","","",0,1,"","","Y","id {[]} {[]}
","Logical id of this artifact","The logical id of the resource, as used in the URL for the resource. Once assigned, this value never changes.","Within the context of the FHIR RESTful interactions, the resource has an id except for cases like the create and conditional update. Otherwise, the use of the resouce id depends on the given use case.","","","","","","","","",,,,,"",,,,"Resource.id",0,1,"",""
"PackagedProductDefinition.meta","PackagedProductDefinition.meta","","","",0,1,"","","Y","Meta {[]} {[]}
","Metadata about the resource","The metadata about the resource. This is content that is maintained by the infrastructure. Changes to the content might not always be associated with version changes to the resource.","","","","","","","","","",,,,,"",,,,"Resource.meta",0,1,"","ele-1:All FHIR elements must have a @value or children {hasValue() or (children().count() > id.count())}
"
"PackagedProductDefinition.implicitRules","PackagedProductDefinition.implicitRules","","","",0,1,"","Y","Y","uri {[]} {[]}
","A set of rules under which this content was created","A reference to a set of rules that were followed when the resource was constructed, and which must be understood when processing the content. Often, this is a reference to an implementation guide that defines the special rules along with other profiles etc.","Asserting this rule set restricts the content to be only understood by a limited set of trading partners. This inherently limits the usefulness of the data in the long term. However, the existing health eco-system is highly fractured, and not yet ready to define, collect, and exchange data in a generally computable sense. Wherever possible, implementers and/or specification writers should avoid using this element. Often, when used, the URL is a reference to an implementation guide that defines these special rules as part of it's narrative along with other profiles, value sets, etc.","","","","","","","","",,,,,"",,,,"Resource.implicitRules",0,1,"","ele-1:All FHIR elements must have a @value or children {hasValue() or (children().count() > id.count())}
"
"PackagedProductDefinition.language","PackagedProductDefinition.language","","","",0,1,"","","","code {[]} {[]}
","Language of the resource content","The base language in which the resource is written.","Language is provided to support indexing and accessibility (typically, services such as text to speech use the language tag). The html language tag in the narrative applies  to the narrative. The language tag on the resource may be used to specify the language of other presentations generated from the data in the resource. Not all the content has to be in the base language. The Resource.language should not be assumed to apply to the narrative automatically. If a language is specified, it should it also be specified on the div element in the html (see rules in HTML5 for information about the relationship between xml:lang and the html lang attribute).","","","","","","","","",,"preferred","IETF language tag","http://hl7.org/fhir/ValueSet/languages","",,,,"Resource.language",0,1,"","ele-1:All FHIR elements must have a @value or children {hasValue() or (children().count() > id.count())}
"
"PackagedProductDefinition.text","PackagedProductDefinition.text","","narrative
htmlxhtmldisplay","",0,1,"","","","Narrative {[]} {[]}
","Text summary of the resource, for human interpretation","A human-readable narrative that contains a summary of the resource and can be used to represent the content of the resource to a human. The narrative need not encode all the structured data, but is required to contain sufficient detail to make it ""clinically safe"" for a human to just read the narrative. Resource definitions may define what content should be represented in the narrative to ensure clinical safety.","Contained resources do not have a narrative. Resources that are not contained SHOULD have a narrative. In some cases, a resource may only have text with little or no additional discrete data (as long as all minOccurs=1 elements are satisfied).  This may be necessary for data from legacy systems where information is captured as a ""text blob"" or where text is additionally entered raw or narrated and encoded information is added later.","","","","","","","","",,,,,"",,,,"DomainResource.text",0,1,"","ele-1:All FHIR elements must have a @value or children {hasValue() or (children().count() > id.count())}
","Act.text?"
"PackagedProductDefinition.contained","PackagedProductDefinition.contained","","inline resources
anonymous resourcescontained resources","",0,*,"","","","Resource {[]} {[]}
","Contained, inline Resources","These resources do not have an independent existence apart from the resource that contains them - they cannot be identified independently, nor can they have their own independent transaction scope. This is allowed to be a Parameters resource if and only if it is referenced by a resource that provides context/meaning.","This should never be done when the content can be identified properly, as once identification is lost, it is extremely difficult (and context dependent) to restore it again. Contained resources may have profiles and tags in their meta elements, but SHALL NOT have security labels.","","","","","","","","",,,,,"",,,,"DomainResource.contained",0,*,"","","N/A"
"PackagedProductDefinition.extension","PackagedProductDefinition.extension","","extensions
user content","",0,*,"","","","Extension {[]} {[]}
","Additional content defined by implementations","May be used to represent additional information that is not part of the basic definition of the resource. To make the use of extensions safe and manageable, there is a strict set of governance  applied to the definition and use of extensions. Though any implementer can define an extension, there is a set of requirements that SHALL be met as part of the definition of the extension.","There can be no stigma associated with the use of extensions by any application, project, or standard - regardless of the institution or jurisdiction that uses or defines the extensions.  The use of extensions is what allows the FHIR specification to retain a core level of simplicity for everyone.","","","","","","","","",,,,,"",,,,"DomainResource.extension",0,*,"","ele-1:All FHIR elements must have a @value or children {hasValue() or (children().count() > id.count())}
ext-1:Must have either extensions or value[x], not both {extension.exists() != value.exists()}","N/A"
"PackagedProductDefinition.modifierExtension","PackagedProductDefinition.modifierExtension","","extensions
user content","",0,*,"","Y","Y","Extension {[]} {[]}
","Extensions that cannot be ignored","May be used to represent additional information that is not part of the basic definition of the resource and that modifies the understanding of the element that contains it and/or the understanding of the containing element's descendants. Usually modifier elements provide negation or qualification. To make the use of extensions safe and manageable, there is a strict set of governance applied to the definition and use of extensions. Though any implementer is allowed to define an extension, there is a set of requirements that SHALL be met as part of the definition of the extension. Applications processing a resource are required to check for modifier extensions.

Modifier extensions SHALL NOT change the meaning of any elements on Resource or DomainResource (including cannot change the meaning of modifierExtension itself).","There can be no stigma associated with the use of extensions by any application, project, or standard - regardless of the institution or jurisdiction that uses or defines the extensions.  The use of extensions is what allows the FHIR specification to retain a core level of simplicity for everyone.","Modifier extensions allow for extensions that *cannot* be safely ignored to be clearly distinguished from the vast majority of extensions which can be safely ignored.  This promotes interoperability by eliminating the need for implementers to prohibit the presence of extensions. For further information, see the [definition of modifier extensions](http://build.fhir.org/extensibility.html#modifierExtension).","","","","","","","",,,,,"",,,,"DomainResource.modifierExtension",0,*,"","ele-1:All FHIR elements must have a @value or children {hasValue() or (children().count() > id.count())}
ext-1:Must have either extensions or value[x], not both {extension.exists() != value.exists()}","N/A"
"PackagedProductDefinition.identifier","PackagedProductDefinition.identifier","","","",0,*,"","","Y","Identifier {[]} {[]}
","A unique identifier for this package as whole - not for the content of the package","A unique identifier for this package as whole - not the the content of the package. Unique instance identifiers assigned to a package by manufacturers, regulators, drug catalogue custodians or other organizations.","","","","","","","","","",,,,,"",,,,"PackagedProductDefinition.identifier",0,*,"","ele-1:All FHIR elements must have a @value or children {hasValue() or (children().count() > id.count())}
","Packaged Medicinal Product.PCID","FiveWs.class"
"PackagedProductDefinition.name","PackagedProductDefinition.name","","","",0,1,"","","Y","string {[]} {[]}
","A name for this package. Typically as listed in a drug formulary, catalogue, inventory etc","A name for this package. Typically what it would be listed as in a drug formulary or catalogue, inventory etc.","","","","","","","","","",,,,,"",,,,"PackagedProductDefinition.name",0,1,"","ele-1:All FHIR elements must have a @value or children {hasValue() or (children().count() > id.count())}
","n/a"
"PackagedProductDefinition.type","PackagedProductDefinition.type","","","",0,1,"","","Y","CodeableConcept {[]} {[]}
","A high level category e.g. medicinal product, raw material, shipping container etc","A high level category e.g. medicinal product, raw material, shipping/transport container, etc.","","","","","","","","","",,"example","A high level categorisation of a package.","http://hl7.org/fhir/ValueSet/package-type","",,,,"PackagedProductDefinition.type",0,1,"","ele-1:All FHIR elements must have a @value or children {hasValue() or (children().count() > id.count())}
","n/a"
"PackagedProductDefinition.packageFor","PackagedProductDefinition.packageFor","","","",0,*,"","","Y","Reference {[]} {[CanonicalType[http://hl7.org/fhir/StructureDefinition/MedicinalProductDefinition]]}
","The product that this is a pack for","The product this package model relates to, not the contents of the package (for which see package.containedItem).","","","","","","","","","",,,,,"",,,,"PackagedProductDefinition.packageFor",0,*,"","ele-1:All FHIR elements must have a @value or children {hasValue() or (children().count() > id.count())}
","(the link from Packaged Medicinal Product to Medicinal Product)"
"PackagedProductDefinition.status","PackagedProductDefinition.status","","","",0,1,"","Y","Y","CodeableConcept {[]} {[]}
","The status within the lifecycle of this item. High level - not intended to duplicate details elsewhere e.g. legal status, or authorization/marketing status","The status within the lifecycle of this item. A high level status, this is not intended to duplicate details carried elsewhere such as legal status, or authorization or marketing status.","","","","","","","","","",,"preferred","The lifecycle status of an artifact.","http://hl7.org/fhir/ValueSet/publication-status","",,,,"PackagedProductDefinition.status",0,1,"","ele-1:All FHIR elements must have a @value or children {hasValue() or (children().count() > id.count())}
","n/a"
"PackagedProductDefinition.statusDate","PackagedProductDefinition.statusDate","","","",0,1,"","","Y","dateTime {[]} {[]}
","The date at which the given status became applicable","The date at which the given status became applicable.","","","","","","","","","",,,,,"",,,,"PackagedProductDefinition.statusDate",0,1,"","ele-1:All FHIR elements must have a @value or children {hasValue() or (children().count() > id.count())}
","n/a"
"PackagedProductDefinition.containedItemQuantity","PackagedProductDefinition.containedItemQuantity","","","",0,*,"","","Y","Quantity {[]} {[]}
","A total of the complete count of contained items of a particular type/form, independent of sub-packaging or organization. This can be considered as the pack size","A total of the complete count of contained items of a particular type/form, independent of sub-packaging or organization. This can be considered as the pack size. This attribute differs from containedItem.amount in that it can give a single aggregated count of all tablet types in a pack, even when these are different manufactured items. For example a pill pack of 21 tablets plus 7 sugar tablets, can be denoted here as '28 tablets'. This attribute is repeatable so that the different item types in one pack type can be counted (e.g. a count of vials and count of syringes). Each repeat must have different units, so that it is clear what the different sets of counted items are, and it is not intended to allow different counts of similar items (e.g. not '2 tubes and 3 tubes'). Repeats are not to be used to represent different pack sizes (e.g. 20 pack vs. 50 pack) - which would be different instances of this resource.","","","","","","","","","",,,,,"",,,,"PackagedProductDefinition.containedItemQuantity",0,*,"","ele-1:All FHIR elements must have a @value or children {hasValue() or (children().count() > id.count())}
","n/a"
"PackagedProductDefinition.description","PackagedProductDefinition.description","","","",0,1,"","","Y","markdown {[]} {[]}
","Textual description. Note that this is not the name of the package or product","Textual description. Note that this is not the name of the package or product.","","","","","","","","","",,,,,"",,,,"PackagedProductDefinition.description",0,1,"","ele-1:All FHIR elements must have a @value or children {hasValue() or (children().count() > id.count())}
","Packaged Medicinal Product.description"
"PackagedProductDefinition.legalStatusOfSupply","PackagedProductDefinition.legalStatusOfSupply","","","",0,*,"","","Y","BackboneElement {[]} {[]}
","The legal status of supply of the packaged item as classified by the regulator","The legal status of supply of the packaged item as classified by the regulator.","","","","","","","","","",,,,,"",,,,"PackagedProductDefinition.legalStatusOfSupply",0,*,"","ele-1:All FHIR elements must have a @value or children {hasValue() or (children().count() > id.count())}
","Marketing Authorisation.Legal Status of Supply (for a package)"
"PackagedProductDefinition.legalStatusOfSupply.id","PackagedProductDefinition.legalStatusOfSupply.id","","","",0,1,"","","","string {[]} {[]}
","Unique id for inter-element referencing","Unique id for the element within a resource (for internal references). This may be any string value that does not contain spaces.","","","","","","","","","",,,,,"",,,,"Element.id",0,1,"","","n/a"
"PackagedProductDefinition.legalStatusOfSupply.extension","PackagedProductDefinition.legalStatusOfSupply.extension","","extensions
user content","",0,*,"","","","Extension {[]} {[]}
","Additional content defined by implementations","May be used to represent additional information that is not part of the basic definition of the element. To make the use of extensions safe and manageable, there is a strict set of governance  applied to the definition and use of extensions. Though any implementer can define an extension, there is a set of requirements that SHALL be met as part of the definition of the extension.","There can be no stigma associated with the use of extensions by any application, project, or standard - regardless of the institution or jurisdiction that uses or defines the extensions.  The use of extensions is what allows the FHIR specification to retain a core level of simplicity for everyone.","","","","","","","","",,,,,"",,,,"Element.extension",0,*,"","ele-1:All FHIR elements must have a @value or children {hasValue() or (children().count() > id.count())}
ext-1:Must have either extensions or value[x], not both {extension.exists() != value.exists()}","n/a"
"PackagedProductDefinition.legalStatusOfSupply.modifierExtension","PackagedProductDefinition.legalStatusOfSupply.modifierExtension","","extensions
user contentmodifiers","",0,*,"","Y","Y","Extension {[]} {[]}
","Extensions that cannot be ignored even if unrecognized","May be used to represent additional information that is not part of the basic definition of the element and that modifies the understanding of the element in which it is contained and/or the understanding of the containing element's descendants. Usually modifier elements provide negation or qualification. To make the use of extensions safe and manageable, there is a strict set of governance applied to the definition and use of extensions. Though any implementer can define an extension, there is a set of requirements that SHALL be met as part of the definition of the extension. Applications processing a resource are required to check for modifier extensions.

Modifier extensions SHALL NOT change the meaning of any elements on Resource or DomainResource (including cannot change the meaning of modifierExtension itself).","There can be no stigma associated with the use of extensions by any application, project, or standard - regardless of the institution or jurisdiction that uses or defines the extensions.  The use of extensions is what allows the FHIR specification to retain a core level of simplicity for everyone.","Modifier extensions allow for extensions that *cannot* be safely ignored to be clearly distinguished from the vast majority of extensions which can be safely ignored.  This promotes interoperability by eliminating the need for implementers to prohibit the presence of extensions. For further information, see the [definition of modifier extensions](http://build.fhir.org/extensibility.html#modifierExtension).","","","","","","","",,,,,"",,,,"BackboneElement.modifierExtension",0,*,"","ele-1:All FHIR elements must have a @value or children {hasValue() or (children().count() > id.count())}
ext-1:Must have either extensions or value[x], not both {extension.exists() != value.exists()}","N/A"
"PackagedProductDefinition.legalStatusOfSupply.code","PackagedProductDefinition.legalStatusOfSupply.code","","","",0,1,"","","Y","CodeableConcept {[]} {[]}
","The actual status of supply. In what situation this package type may be supplied for use","The actual status of supply. Conveys in what situation this package type may be supplied for use.","","","","","","","","","",,"example","The prescription supply types appropriate to a medicinal product","http://hl7.org/fhir/ValueSet/legal-status-of-supply","",,,,"PackagedProductDefinition.legalStatusOfSupply.code",0,1,"","ele-1:All FHIR elements must have a @value or children {hasValue() or (children().count() > id.count())}
","Marketing Authorisation.Legal Status of Supply (for a package)"
"PackagedProductDefinition.legalStatusOfSupply.jurisdiction","PackagedProductDefinition.legalStatusOfSupply.jurisdiction","","","",0,1,"","","Y","CodeableConcept {[]} {[]}
","The place where the legal status of supply applies","The place where the legal status of supply applies. When not specified, this indicates it is unknown in this context.","","","","","","","","","",,"example","Jurisdiction codes","http://hl7.org/fhir/ValueSet/jurisdiction","",,,,"PackagedProductDefinition.legalStatusOfSupply.jurisdiction",0,1,"","ele-1:All FHIR elements must have a @value or children {hasValue() or (children().count() > id.count())}
","n/a"
"PackagedProductDefinition.marketingStatus","PackagedProductDefinition.marketingStatus","","","",0,*,"","","Y","MarketingStatus {[]} {[]}
","Allows specifying that an item is on the market for sale, or that it is not available, and the dates and locations associated","Allows specifying that an item is on the market for sale, or that it is not available, and the dates and locations associated.","","","","","","","","","",,,,,"",,,,"PackagedProductDefinition.marketingStatus",0,*,"","ele-1:All FHIR elements must have a @value or children {hasValue() or (children().count() > id.count())}
","Packaged Medicinal Product.Marketing Status"
"PackagedProductDefinition.characteristic","PackagedProductDefinition.characteristic","","","",0,*,"","","Y","CodeableConcept {[]} {[]}
","Allows the key features to be recorded, such as ""hospital pack"", ""nurse prescribable""","Allows the key features to be recorded, such as ""hospital pack"", ""nurse prescribable"", ""calendar pack"".","","","","","","","","","",,"example","A characteristic of a package.","http://hl7.org/fhir/ValueSet/package-characteristic","",,,,"PackagedProductDefinition.characteristic",0,*,"","ele-1:All FHIR elements must have a @value or children {hasValue() or (children().count() > id.count())}
","n/a"
"PackagedProductDefinition.copackagedIndicator","PackagedProductDefinition.copackagedIndicator","","","",0,1,"","","Y","boolean {[]} {[]}
","Identifies if the drug product is supplied with another item such as a diluent or adjuvant","Identifies if the package contains different items, such as when a drug product is supplied with another item e.g. a diluent or adjuvant.","","","","If this value is not present, there is no statement being made about whether this is co-packaged or not. No inference can be made","","","","","",,,,,"",,,,"PackagedProductDefinition.copackagedIndicator",0,1,"","ele-1:All FHIR elements must have a @value or children {hasValue() or (children().count() > id.count())}
","n/a"
"PackagedProductDefinition.manufacturer","PackagedProductDefinition.manufacturer","","","",0,*,"","","Y","Reference {[]} {[CanonicalType[http://hl7.org/fhir/StructureDefinition/Organization]]}
","Manufacturer of this package type (multiple means these are all possible manufacturers)","Manufacturer of this package type. When there are multiple it means these are all possible manufacturers.","","","","","","","","","",,,,,"",,,,"PackagedProductDefinition.manufacturer",0,*,"","ele-1:All FHIR elements must have a @value or children {hasValue() or (children().count() > id.count())}
","Packaged Medicinal Product.Manufacturer / Establishment (Organisation)"
"PackagedProductDefinition.attachedDocument","PackagedProductDefinition.attachedDocument","","","",0,*,"","","Y","Reference {[]} {[CanonicalType[http://hl7.org/fhir/StructureDefinition/DocumentReference]]}
","Additional information or supporting documentation about the packaged product","Additional information or supporting documentation about the packaged product.","","","","","","","","","",,,,,"",,,,"PackagedProductDefinition.attachedDocument",0,*,"","ele-1:All FHIR elements must have a @value or children {hasValue() or (children().count() > id.count())}
","n/a"
"PackagedProductDefinition.packaging","PackagedProductDefinition.packaging","","","",0,1,"","","Y","BackboneElement {[]} {[]}
","A packaging item, as a container for medically related items, possibly with other packaging items within, or a packaging component, such as bottle cap","A packaging item, as a container for medically related items, possibly with other packaging items within, or a packaging component, such as bottle cap (which is not a device or a medication manufactured item).","","","","","","","","","",,,,,"",,,,"PackagedProductDefinition.packaging",0,1,"","ele-1:All FHIR elements must have a @value or children {hasValue() or (children().count() > id.count())}
","Packaged Medicinal Product.Package Item (Container), Package Item (Container).Package (Component)"
"PackagedProductDefinition.packaging.id","PackagedProductDefinition.packaging.id","","","",0,1,"","","","string {[]} {[]}
","Unique id for inter-element referencing","Unique id for the element within a resource (for internal references). This may be any string value that does not contain spaces.","","","","","","","","","",,,,,"",,,,"Element.id",0,1,"","","n/a"
"PackagedProductDefinition.packaging.extension","PackagedProductDefinition.packaging.extension","","extensions
user content","",0,*,"","","","Extension {[]} {[]}
","Additional content defined by implementations","May be used to represent additional information that is not part of the basic definition of the element. To make the use of extensions safe and manageable, there is a strict set of governance  applied to the definition and use of extensions. Though any implementer can define an extension, there is a set of requirements that SHALL be met as part of the definition of the extension.","There can be no stigma associated with the use of extensions by any application, project, or standard - regardless of the institution or jurisdiction that uses or defines the extensions.  The use of extensions is what allows the FHIR specification to retain a core level of simplicity for everyone.","","","","","","","","",,,,,"",,,,"Element.extension",0,*,"","ele-1:All FHIR elements must have a @value or children {hasValue() or (children().count() > id.count())}
ext-1:Must have either extensions or value[x], not both {extension.exists() != value.exists()}","n/a"
"PackagedProductDefinition.packaging.modifierExtension","PackagedProductDefinition.packaging.modifierExtension","","extensions
user contentmodifiers","",0,*,"","Y","Y","Extension {[]} {[]}
","Extensions that cannot be ignored even if unrecognized","May be used to represent additional information that is not part of the basic definition of the element and that modifies the understanding of the element in which it is contained and/or the understanding of the containing element's descendants. Usually modifier elements provide negation or qualification. To make the use of extensions safe and manageable, there is a strict set of governance applied to the definition and use of extensions. Though any implementer can define an extension, there is a set of requirements that SHALL be met as part of the definition of the extension. Applications processing a resource are required to check for modifier extensions.

Modifier extensions SHALL NOT change the meaning of any elements on Resource or DomainResource (including cannot change the meaning of modifierExtension itself).","There can be no stigma associated with the use of extensions by any application, project, or standard - regardless of the institution or jurisdiction that uses or defines the extensions.  The use of extensions is what allows the FHIR specification to retain a core level of simplicity for everyone.","Modifier extensions allow for extensions that *cannot* be safely ignored to be clearly distinguished from the vast majority of extensions which can be safely ignored.  This promotes interoperability by eliminating the need for implementers to prohibit the presence of extensions. For further information, see the [definition of modifier extensions](http://build.fhir.org/extensibility.html#modifierExtension).","","","","","","","",,,,,"",,,,"BackboneElement.modifierExtension",0,*,"","ele-1:All FHIR elements must have a @value or children {hasValue() or (children().count() > id.count())}
ext-1:Must have either extensions or value[x], not both {extension.exists() != value.exists()}","N/A"
"PackagedProductDefinition.packaging.identifier","PackagedProductDefinition.packaging.identifier","","","",0,*,"","","Y","Identifier {[]} {[]}
","An identifier that is specific to this particular part of the packaging. Including possibly a Data Carrier Identifier","A business identifier that is specific to this particular part of the packaging, often assigned by the manufacturer. Including possibly Data Carrier Identifier (a GS1 barcode).","","","","","","","","","",,,,,"",,,,"PackagedProductDefinition.packaging.identifier",0,*,"","ele-1:All FHIR elements must have a @value or children {hasValue() or (children().count() > id.count())}
","Package Item (Container).Data Carrier Identifier"
"PackagedProductDefinition.packaging.type","PackagedProductDefinition.packaging.type","","","",0,1,"","","Y","CodeableConcept {[]} {[]}
","The physical type of the container of the items","The physical type of the container of the items.","","","","","","","","","",,"example","A high level categorisation of a package.","http://hl7.org/fhir/ValueSet/packaging-type","",,,,"PackagedProductDefinition.packaging.type",0,1,"","ele-1:All FHIR elements must have a @value or children {hasValue() or (children().count() > id.count())}
","Package Item (Container).Package Item (Container) Type"
"PackagedProductDefinition.packaging.quantity","PackagedProductDefinition.packaging.quantity","","","",0,1,"","","Y","integer {[]} {[]}
","The quantity of this level of packaging in the package that contains it (with the outermost level being 1)","The quantity of packaging items contained at this layer of the package. This does not relate to the number of contained items but relates solely to the number of packaging items. When looking at the outermost layer it is always 1. If there are two boxes within, at the next layer it would be 2.","","","","","","","","","",,,,,"",,,,"PackagedProductDefinition.packaging.quantity",0,1,"","ele-1:All FHIR elements must have a @value or children {hasValue() or (children().count() > id.count())}
","Package Item (Container).Package Item (Container) Quantity"
"PackagedProductDefinition.packaging.material","PackagedProductDefinition.packaging.material","","","",0,*,"","","Y","CodeableConcept {[]} {[]}
","Material type of the package item","Material type of the package item.","","","","","","","","","",,"example","A material used in the construction of packages and their components.","http://hl7.org/fhir/ValueSet/package-material","",,,,"PackagedProductDefinition.packaging.material",0,*,"","ele-1:All FHIR elements must have a @value or children {hasValue() or (children().count() > id.count())}
","Package Item (Container).Material"
"PackagedProductDefinition.packaging.alternateMaterial","PackagedProductDefinition.packaging.alternateMaterial","","","",0,*,"","","Y","CodeableConcept {[]} {[]}
","A possible alternate material for this part of the packaging, that is allowed to be used instead of the usual material","A possible alternate material for this part of the packaging, that is allowed to be used instead of the usual material (e.g. different types of plastic for a blister sleeve).","","","","","","","","","",,"example","A material used in the construction of packages and their components.","http://hl7.org/fhir/ValueSet/package-material","",,,,"PackagedProductDefinition.packaging.alternateMaterial",0,*,"","ele-1:All FHIR elements must have a @value or children {hasValue() or (children().count() > id.count())}
","Package Item (Container).Alternate Material"
"PackagedProductDefinition.packaging.shelfLifeStorage","PackagedProductDefinition.packaging.shelfLifeStorage","","","",0,*,"","","Y","ProductShelfLife {[]} {[]}
","Shelf Life and storage information","Shelf Life and storage information.","","","","","","","","","",,,,,"",,,,"PackagedProductDefinition.packaging.shelfLifeStorage",0,*,"","ele-1:All FHIR elements must have a @value or children {hasValue() or (children().count() > id.count())}
","Package Item (Container).Shelf Life / Storage"
"PackagedProductDefinition.packaging.manufacturer","PackagedProductDefinition.packaging.manufacturer","","","",0,*,"","","Y","Reference {[]} {[CanonicalType[http://hl7.org/fhir/StructureDefinition/Organization]]}
","Manufacturer of this packaging item (multiple means these are all potential manufacturers)","Manufacturer of this packaging item. When there are multiple values each one is a potential manufacturer of this packaging item.","","","","","","","","","",,,,,"",,,,"PackagedProductDefinition.packaging.manufacturer",0,*,"","ele-1:All FHIR elements must have a @value or children {hasValue() or (children().count() > id.count())}
","Package Item (Container).Manufacturer / Establishment (Organisation)"
"PackagedProductDefinition.packaging.property","PackagedProductDefinition.packaging.property","","","",0,*,"","","Y","BackboneElement {[]} {[]}
","General characteristics of this item","General characteristics of this item.","","","","","","","","","",,,,,"",,,,"PackagedProductDefinition.packaging.property",0,*,"","ele-1:All FHIR elements must have a @value or children {hasValue() or (children().count() > id.count())}
","Package Item (Container).Physical Characteristics"
"PackagedProductDefinition.packaging.property.id","PackagedProductDefinition.packaging.property.id","","","",0,1,"","","","string {[]} {[]}
","Unique id for inter-element referencing","Unique id for the element within a resource (for internal references). This may be any string value that does not contain spaces.","","","","","","","","","",,,,,"",,,,"Element.id",0,1,"","","n/a"
"PackagedProductDefinition.packaging.property.extension","PackagedProductDefinition.packaging.property.extension","","extensions
user content","",0,*,"","","","Extension {[]} {[]}
","Additional content defined by implementations","May be used to represent additional information that is not part of the basic definition of the element. To make the use of extensions safe and manageable, there is a strict set of governance  applied to the definition and use of extensions. Though any implementer can define an extension, there is a set of requirements that SHALL be met as part of the definition of the extension.","There can be no stigma associated with the use of extensions by any application, project, or standard - regardless of the institution or jurisdiction that uses or defines the extensions.  The use of extensions is what allows the FHIR specification to retain a core level of simplicity for everyone.","","","","","","","","",,,,,"",,,,"Element.extension",0,*,"","ele-1:All FHIR elements must have a @value or children {hasValue() or (children().count() > id.count())}
ext-1:Must have either extensions or value[x], not both {extension.exists() != value.exists()}","n/a"
"PackagedProductDefinition.packaging.property.modifierExtension","PackagedProductDefinition.packaging.property.modifierExtension","","extensions
user contentmodifiers","",0,*,"","Y","Y","Extension {[]} {[]}
","Extensions that cannot be ignored even if unrecognized","May be used to represent additional information that is not part of the basic definition of the element and that modifies the understanding of the element in which it is contained and/or the understanding of the containing element's descendants. Usually modifier elements provide negation or qualification. To make the use of extensions safe and manageable, there is a strict set of governance applied to the definition and use of extensions. Though any implementer can define an extension, there is a set of requirements that SHALL be met as part of the definition of the extension. Applications processing a resource are required to check for modifier extensions.

Modifier extensions SHALL NOT change the meaning of any elements on Resource or DomainResource (including cannot change the meaning of modifierExtension itself).","There can be no stigma associated with the use of extensions by any application, project, or standard - regardless of the institution or jurisdiction that uses or defines the extensions.  The use of extensions is what allows the FHIR specification to retain a core level of simplicity for everyone.","Modifier extensions allow for extensions that *cannot* be safely ignored to be clearly distinguished from the vast majority of extensions which can be safely ignored.  This promotes interoperability by eliminating the need for implementers to prohibit the presence of extensions. For further information, see the [definition of modifier extensions](http://build.fhir.org/extensibility.html#modifierExtension).","","","","","","","",,,,,"",,,,"BackboneElement.modifierExtension",0,*,"","ele-1:All FHIR elements must have a @value or children {hasValue() or (children().count() > id.count())}
ext-1:Must have either extensions or value[x], not both {extension.exists() != value.exists()}","N/A"
"PackagedProductDefinition.packaging.property.type","PackagedProductDefinition.packaging.property.type","","","",1,1,"","","Y","CodeableConcept {[]} {[]}
","A code expressing the type of characteristic","A code expressing the type of characteristic.","","","","","","","","","",,"example","This value set includes all observable entity codes from SNOMED CT - provided as an exemplar value set.","http://hl7.org/fhir/ValueSet/product-characteristic-codes","",,,,"PackagedProductDefinition.packaging.property.type",1,1,"","ele-1:All FHIR elements must have a @value or children {hasValue() or (children().count() > id.count())}
","Physical Characteristics, all attributes"
"PackagedProductDefinition.packaging.property.value[x]","PackagedProductDefinition.packaging.property.value[x]","","","",0,1,"","","Y","CodeableConcept {[]} {[]}
Quantity {[]} {[]}date {[]} {[]}boolean {[]} {[]}Attachment {[]} {[]}","A value for the characteristic","A value for the characteristic.","","","","","","","","","",,,,,"",,,,"PackagedProductDefinition.packaging.property.value[x]",0,1,"","ele-1:All FHIR elements must have a @value or children {hasValue() or (children().count() > id.count())}
","Physical Characteristics, attribute's value"
"PackagedProductDefinition.packaging.containedItem","PackagedProductDefinition.packaging.containedItem","","","",0,*,"","","Y","BackboneElement {[]} {[]}
","The item(s) within the packaging","The item(s) within the packaging.","","","","","","","","","",,,,,"",,,,"PackagedProductDefinition.packaging.containedItem",0,*,"","ele-1:All FHIR elements must have a @value or children {hasValue() or (children().count() > id.count())}
","Package Item (Container).Manufactured Item, Package Item (Container).Device"
"PackagedProductDefinition.packaging.containedItem.id","PackagedProductDefinition.packaging.containedItem.id","","","",0,1,"","","","string {[]} {[]}
","Unique id for inter-element referencing","Unique id for the element within a resource (for internal references). This may be any string value that does not contain spaces.","","","","","","","","","",,,,,"",,,,"Element.id",0,1,"","","n/a"
"PackagedProductDefinition.packaging.containedItem.extension","PackagedProductDefinition.packaging.containedItem.extension","","extensions
user content","",0,*,"","","","Extension {[]} {[]}
","Additional content defined by implementations","May be used to represent additional information that is not part of the basic definition of the element. To make the use of extensions safe and manageable, there is a strict set of governance  applied to the definition and use of extensions. Though any implementer can define an extension, there is a set of requirements that SHALL be met as part of the definition of the extension.","There can be no stigma associated with the use of extensions by any application, project, or standard - regardless of the institution or jurisdiction that uses or defines the extensions.  The use of extensions is what allows the FHIR specification to retain a core level of simplicity for everyone.","","","","","","","","",,,,,"",,,,"Element.extension",0,*,"","ele-1:All FHIR elements must have a @value or children {hasValue() or (children().count() > id.count())}
ext-1:Must have either extensions or value[x], not both {extension.exists() != value.exists()}","n/a"
"PackagedProductDefinition.packaging.containedItem.modifierExtension","PackagedProductDefinition.packaging.containedItem.modifierExtension","","extensions
user contentmodifiers","",0,*,"","Y","Y","Extension {[]} {[]}
","Extensions that cannot be ignored even if unrecognized","May be used to represent additional information that is not part of the basic definition of the element and that modifies the understanding of the element in which it is contained and/or the understanding of the containing element's descendants. Usually modifier elements provide negation or qualification. To make the use of extensions safe and manageable, there is a strict set of governance applied to the definition and use of extensions. Though any implementer can define an extension, there is a set of requirements that SHALL be met as part of the definition of the extension. Applications processing a resource are required to check for modifier extensions.

Modifier extensions SHALL NOT change the meaning of any elements on Resource or DomainResource (including cannot change the meaning of modifierExtension itself).","There can be no stigma associated with the use of extensions by any application, project, or standard - regardless of the institution or jurisdiction that uses or defines the extensions.  The use of extensions is what allows the FHIR specification to retain a core level of simplicity for everyone.","Modifier extensions allow for extensions that *cannot* be safely ignored to be clearly distinguished from the vast majority of extensions which can be safely ignored.  This promotes interoperability by eliminating the need for implementers to prohibit the presence of extensions. For further information, see the [definition of modifier extensions](http://build.fhir.org/extensibility.html#modifierExtension).","","","","","","","",,,,,"",,,,"BackboneElement.modifierExtension",0,*,"","ele-1:All FHIR elements must have a @value or children {hasValue() or (children().count() > id.count())}
ext-1:Must have either extensions or value[x], not both {extension.exists() != value.exists()}","N/A"
"PackagedProductDefinition.packaging.containedItem.item","PackagedProductDefinition.packaging.containedItem.item","","","",1,1,"","","Y","CodeableReference {[]} {[CanonicalType[http://hl7.org/fhir/StructureDefinition/ManufacturedItemDefinition], CanonicalType[http://hl7.org/fhir/StructureDefinition/DeviceDefinition], CanonicalType[http://hl7.org/fhir/StructureDefinition/PackagedProductDefinition], CanonicalType[http://hl7.org/fhir/StructureDefinition/BiologicallyDerivedProduct], CanonicalType[http://hl7.org/fhir/StructureDefinition/NutritionProduct]]}
","The actual item(s) of medication, as manufactured, or a device, or other medically related item (food, biologicals, raw materials, medical fluids, gases etc.), as contained in the package","The actual item(s) of medication, as manufactured, or a device (typically, but not necessarily, a co-packaged one), or other medically related item (such as food, biologicals, raw materials, medical fluids, gases etc.), as contained in the package. This also allows another whole packaged product to be included, which is solely for the case where a package of other entire packages is wanted - such as a wholesale or distribution pack (for layers within one package, use PackagedProductDefinition.packaging.packaging).","","","","","","","","","",,,,,"",,,,"PackagedProductDefinition.packaging.containedItem.item",1,1,"","ele-1:All FHIR elements must have a @value or children {hasValue() or (children().count() > id.count())}
","(the link to) Package Item (Container).Manufactured Item, Package Item (Container).Device"
"PackagedProductDefinition.packaging.containedItem.amount","PackagedProductDefinition.packaging.containedItem.amount","","","",0,1,"","","Y","Quantity {[]} {[]}
","The number of this type of item within this packaging","The number of this type of item within this packaging.","","","","","","","","","",,,,,"",,,,"PackagedProductDefinition.packaging.containedItem.amount",0,1,"","ele-1:All FHIR elements must have a @value or children {hasValue() or (children().count() > id.count())}
","Manufactured Item.Manufactured Item Quantity"
"PackagedProductDefinition.packaging.packaging","PackagedProductDefinition.packaging.packaging","","","",0,*,"","","Y","","Allows containers (and parts of containers) within containers, still a single packaged product","Allows containers (and parts of containers) parwithin containers, still a single packaged product.  See also PackagedProductDefinition.packaging.containedItem.item(PackagedProductDefinition).","","","","","","","","","",,,,,"",,,,"PackagedProductDefinition.packaging.packaging",0,*,"","ele-1:All FHIR elements must have a @value or children {hasValue() or (children().count() > id.count())}
","(link from Package Item (Container) to itself)"
