{
  "resourceType": "RegulatedAuthorization",
  "id": "CanifugCremolum-EE-RA",
  "text": {
    "status": "generated",
    "div": "<div xmlns=\"http://www.w3.org/1999/xhtml\"><p><b>Generated Narrative: RegulatedAuthorization</b><a name=\"CanifugCremolum-EE-RA\"> </a></p><div style=\"display: inline-block; background-color: #d9e0e7; padding: 6px; margin: 4px; border: 1px solid #8da1b4; border-radius: 5px; line-height: 60%\"><p style=\"margin-bottom: 0px\">Resource RegulatedAuthorization &quot;CanifugCremolum-EE-RA&quot; </p></div><p><b>identifier</b>: id: 366201</p><p><b>subject</b>: <a href=\"MedicinalProductDefinition-CanifugCremolum-EE-MPD.html\">MedicinalProductDefinition/CanifugCremolum-EE-MPD</a></p><p><b>type</b>: Marketing Authorisation <span style=\"background: LightGoldenRodYellow; margin: 4px; border: 1px solid khaki\"> (220000000060#220000000061)</span></p><p><b>region</b>: Republic of Estonia <span style=\"background: LightGoldenRodYellow; margin: 4px; border: 1px solid khaki\"> (100000000002#100000000388)</span></p><p><b>status</b>: Valid - Renewed/Varied <span style=\"background: LightGoldenRodYellow; margin: 4px; border: 1px solid khaki\"> (100000072049#200000017708)</span></p><p><b>statusDate</b>: 2011-10-19</p><p><b>holder</b>: <a href=\"Organization-LOC-100004795-Wolff-Arzneimittel.html\">Organization/LOC-100004795-Wolff-Arzneimittel</a> &quot;Dr. August Wolff GmbH &amp; Co. KG Arzneimittel&quot;</p></div>"
  },
  "identifier": [
    {
      "value": "366201"
    }
  ],
  "subject": [
    {
      "reference": "MedicinalProductDefinition/CanifugCremolum-EE-MPD"
    }
  ],
  "type": {
    "coding": [
      {
        "system": "http://spor.ema.europa.eu/v1/lists/220000000060",
        "code": "220000000061",
        "display": "Marketing Authorisation"
      }
    ]
  },
  "region": [
    {
      "coding": [
        {
          "system": "http://spor.ema.europa.eu/v1/lists/100000000002",
          "code": "100000000388",
          "display": "Republic of Estonia"
        }
      ]
    }
  ],
  "status": {
    "coding": [
      {
        "system": "http://spor.ema.europa.eu/v1/lists/100000072049",
        "code": "200000017708",
        "display": "Valid - Renewed/Varied"
      }
    ]
  },
  "statusDate": "2011-10-19",
  "holder": {
    "reference": "Organization/LOC-100004795-Wolff-Arzneimittel"
  }
}