{
  "resourceType": "AdministrableProductDefinition",
  "id": "CanifugCremolum-10mg1g-Cream-EE-APD",
  "meta": {
    "profile": [
      "http://unicom-project.eu/fhir/StructureDefinition/PPLAdministrableProductDefinition"
    ]
  },
  "text": {
    "status": "generated",
    "div": "<div xmlns=\"http://www.w3.org/1999/xhtml\"><p><b>Generated Narrative: AdministrableProductDefinition</b><a name=\"CanifugCremolum-10mg1g-Cream-EE-APD\"> </a></p><div style=\"display: inline-block; background-color: #d9e0e7; padding: 6px; margin: 4px; border: 1px solid #8da1b4; border-radius: 5px; line-height: 60%\"><p style=\"margin-bottom: 0px\">Resource AdministrableProductDefinition \"CanifugCremolum-10mg1g-Cream-EE-APD\" </p><p style=\"margin-bottom: 0px\">Profile: <a href=\"StructureDefinition-PPLAdministrableProductDefinition.html\">PPL Administrable Product profile</a></p></div><p><b>status</b>: active</p><p><b>formOf</b>: <a href=\"MedicinalProductDefinition-CanifugCremolum-EE-MPD.html\">MedicinalProductDefinition/CanifugCremolum-EE-MPD</a></p><p><b>administrableDoseForm</b>: Cream <span style=\"background: LightGoldenRodYellow; margin: 4px; border: 1px solid khaki\"> (<a href=\"CodeSystem-pharmaceutical-dose-form-ema-cs.html\">Pharmaceutical Dose Form EMA</a>#100000073712)</span></p><p><b>unitOfPresentation</b>: Tube <span style=\"background: LightGoldenRodYellow; margin: 4px; border: 1px solid khaki\"> (<a href=\"CodeSystem-unit-of-presentation-ema-cs.html\">Unit of Presentation EMA</a>#200000002156)</span></p><p><b>producedFrom</b>: <a href=\"ManufacturedItemDefinition-CanifugCremolum-10mg1g-Cream-EE-MID.html\">ManufacturedItemDefinition/CanifugCremolum-10mg1g-Cream-EE-MID</a></p><h3>RouteOfAdministrations</h3><table class=\"grid\"><tr><td>-</td><td><b>Code</b></td></tr><tr><td>*</td><td>Cutaneous use <span style=\"background: LightGoldenRodYellow; margin: 4px; border: 1px solid khaki\"> (100000073345#100000073566)</span></td></tr></table></div>"
  },
  "status": "active",
  "formOf": [
    {
      "reference": "MedicinalProductDefinition/CanifugCremolum-EE-MPD"
    }
  ],
  "administrableDoseForm": {
    "coding": [
      {
        "system": "http://spor.ema.europa.eu/v1/lists/200000000004",
        "code": "100000073712",
        "display": "Cream"
      }
    ]
  },
  "unitOfPresentation": {
    "coding": [
      {
        "system": "http://spor.ema.europa.eu/v1/lists/200000000014",
        "code": "200000002156",
        "display": "Tube"
      }
    ]
  },
  "producedFrom": [
    {
      "reference": "ManufacturedItemDefinition/CanifugCremolum-10mg1g-Cream-EE-MID"
    }
  ],
  "routeOfAdministration": [
    {
      "code": {
        "coding": [
          {
            "system": "http://spor.ema.europa.eu/v1/lists/100000073345",
            "code": "100000073566",
            "display": "Cutaneous use"
          }
        ]
      }
    }
  ]
}