{
  "resourceType": "CodeSystem",
  "id": "combined-term-ema-cs",
  "text": {
    "status": "generated",
    "div": "<div xmlns=\"http://www.w3.org/1999/xhtml\"><p>This code system <code>https://spor.ema.europa.eu/v1/lists/200000000007</code> defines the following codes:</p><table class=\"codes\"><tr><td style=\"white-space:nowrap\"><b>Code</b></td><td><b>Display</b></td></tr><tr><td style=\"white-space:nowrap\">100000136320<a name=\"combined-term-ema-cs-100000136320\"> </a></td><td>Eye drops, prolonged-release solution in single-dose container</td></tr><tr><td style=\"white-space:nowrap\">100000136321<a name=\"combined-term-ema-cs-100000136321\"> </a></td><td>Eye drops, suspension in single-dose container</td></tr><tr><td style=\"white-space:nowrap\">100000136322<a name=\"combined-term-ema-cs-100000136322\"> </a></td><td>Eye ointment in single-dose container</td></tr><tr><td style=\"white-space:nowrap\">100000136323<a name=\"combined-term-ema-cs-100000136323\"> </a></td><td>Granules for oral solution in sachet</td></tr><tr><td style=\"white-space:nowrap\">200000017731<a name=\"combined-term-ema-cs-200000017731\"> </a></td><td>Powder for oral suspension in sachet</td></tr><tr><td style=\"white-space:nowrap\">100000166823<a name=\"combined-term-ema-cs-100000166823\"> </a></td><td>Solution for injection in pre-filled injector</td></tr><tr><td style=\"white-space:nowrap\">100000167461<a name=\"combined-term-ema-cs-100000167461\"> </a></td><td>Solution for injection in dose-dispenser cartridge</td></tr><tr><td style=\"white-space:nowrap\">100000174056<a name=\"combined-term-ema-cs-100000174056\"> </a></td><td>Solution for injection in administration system</td></tr><tr><td style=\"white-space:nowrap\">100000174057<a name=\"combined-term-ema-cs-100000174057\"> </a></td><td>Powder and solvent for prolonged-release suspension for injection in pre-filled syringe</td></tr><tr><td style=\"white-space:nowrap\">100000174058<a name=\"combined-term-ema-cs-100000174058\"> </a></td><td>Powder for oral/rectal suspension in sachet</td></tr><tr><td style=\"white-space:nowrap\">100000174059<a name=\"combined-term-ema-cs-100000174059\"> </a></td><td>Suspension for injection in pre-filled injector</td></tr><tr><td style=\"white-space:nowrap\">100000174060<a name=\"combined-term-ema-cs-100000174060\"> </a></td><td>Gel in sachet</td></tr><tr><td style=\"white-space:nowrap\">100000174061<a name=\"combined-term-ema-cs-100000174061\"> </a></td><td>Oral suspension in pre-filled oral applicator</td></tr><tr><td style=\"white-space:nowrap\">100000174062<a name=\"combined-term-ema-cs-100000174062\"> </a></td><td>Oral emulsion in sachet</td></tr><tr><td style=\"white-space:nowrap\">100000174063<a name=\"combined-term-ema-cs-100000174063\"> </a></td><td>Oral paste in sachet</td></tr><tr><td style=\"white-space:nowrap\">100000174064<a name=\"combined-term-ema-cs-100000174064\"> </a></td><td>Powder and solvent for prolonged-release suspension for injection in pre-filled pen</td></tr><tr><td style=\"white-space:nowrap\">200000018794<a name=\"combined-term-ema-cs-200000018794\"> </a></td><td>Oral solution in multidose container with metering pump</td></tr><tr><td style=\"white-space:nowrap\">100000156069<a name=\"combined-term-ema-cs-100000156069\"> </a></td><td>Film-coated tablet and gastro-resistant granules in sachet</td></tr><tr><td style=\"white-space:nowrap\">100000156090<a name=\"combined-term-ema-cs-100000156090\"> </a></td><td>Ear drops, solution in single-dose container</td></tr><tr><td style=\"white-space:nowrap\">100000171807<a name=\"combined-term-ema-cs-100000171807\"> </a></td><td>Granules in single-dose container</td></tr><tr><td style=\"white-space:nowrap\">100000172024<a name=\"combined-term-ema-cs-100000172024\"> </a></td><td>Syrup in sachet</td></tr><tr><td style=\"white-space:nowrap\">100000172025<a name=\"combined-term-ema-cs-100000172025\"> </a></td><td>Emulsion for infusion in administration system</td></tr><tr><td style=\"white-space:nowrap\">200000025956<a name=\"combined-term-ema-cs-200000025956\"> </a></td><td>Film-coated granules in single-dose container</td></tr><tr><td style=\"white-space:nowrap\">200000027808<a name=\"combined-term-ema-cs-200000027808\"> </a></td><td>Dispersion for injection in pre-filled syringe</td></tr><tr><td style=\"white-space:nowrap\">200000003532<a name=\"combined-term-ema-cs-200000003532\"> </a></td><td>Powder and solvent for suspension for injection in multidose container</td></tr><tr><td style=\"white-space:nowrap\">200000003533<a name=\"combined-term-ema-cs-200000003533\"> </a></td><td>Solution for injection in multidose container</td></tr><tr><td style=\"white-space:nowrap\">200000003534<a name=\"combined-term-ema-cs-200000003534\"> </a></td><td>Suspension for injection in multidose container</td></tr><tr><td style=\"white-space:nowrap\">200000003542<a name=\"combined-term-ema-cs-200000003542\"> </a></td><td>Granules in capsule for opening</td></tr><tr><td style=\"white-space:nowrap\">200000003970<a name=\"combined-term-ema-cs-200000003970\"> </a></td><td>Prolonged-release suspension for injection in pre-filled pen</td></tr><tr><td style=\"white-space:nowrap\">200000003584<a name=\"combined-term-ema-cs-200000003584\"> </a></td><td>Solution for injection in vial</td></tr><tr><td style=\"white-space:nowrap\">200000005491<a name=\"combined-term-ema-cs-200000005491\"> </a></td><td>Nasal powder in single-dose container</td></tr><tr><td style=\"white-space:nowrap\">200000010389<a name=\"combined-term-ema-cs-200000010389\"> </a></td><td>Solution for infusion in cartridge</td></tr><tr><td style=\"white-space:nowrap\">200000010633<a name=\"combined-term-ema-cs-200000010633\"> </a></td><td>Solution for injection in pre-filled syringe in disposable cassette</td></tr><tr><td style=\"white-space:nowrap\">200000010731<a name=\"combined-term-ema-cs-200000010731\"> </a></td><td>Oral powder in single-dose container</td></tr><tr><td style=\"white-space:nowrap\">100000073997<a name=\"combined-term-ema-cs-100000073997\"> </a></td><td>Eye drops, solution in single-dose container</td></tr><tr><td style=\"white-space:nowrap\">100000074028<a name=\"combined-term-ema-cs-100000074028\"> </a></td><td>Pillules in single-dose container</td></tr><tr><td style=\"white-space:nowrap\">100000074039<a name=\"combined-term-ema-cs-100000074039\"> </a></td><td>Solution for injection in pre-filled pen</td></tr><tr><td style=\"white-space:nowrap\">100000074046<a name=\"combined-term-ema-cs-100000074046\"> </a></td><td>Solution for injection in cartridge</td></tr><tr><td style=\"white-space:nowrap\">100000074047<a name=\"combined-term-ema-cs-100000074047\"> </a></td><td>Solution for injection in pre-filled syringe</td></tr><tr><td style=\"white-space:nowrap\">100000074050<a name=\"combined-term-ema-cs-100000074050\"> </a></td><td>Suspension for injection in pre-filled pen</td></tr><tr><td style=\"white-space:nowrap\">100000074062<a name=\"combined-term-ema-cs-100000074062\"> </a></td><td>Suspension for injection in cartridge</td></tr><tr><td style=\"white-space:nowrap\">100000074063<a name=\"combined-term-ema-cs-100000074063\"> </a></td><td>Suspension for injection in pre-filled syringe</td></tr><tr><td style=\"white-space:nowrap\">200000002333<a name=\"combined-term-ema-cs-200000002333\"> </a></td><td>Eye drops</td></tr><tr><td style=\"white-space:nowrap\">200000015352<a name=\"combined-term-ema-cs-200000015352\"> </a></td><td>Oral powder in capsules for opening</td></tr><tr><td style=\"white-space:nowrap\">200000015396<a name=\"combined-term-ema-cs-200000015396\"> </a></td><td>Transdermal gel in sachet</td></tr><tr><td style=\"white-space:nowrap\">100000075575<a name=\"combined-term-ema-cs-100000075575\"> </a></td><td>Solution for infusion in administration system</td></tr><tr><td style=\"white-space:nowrap\">100000075582<a name=\"combined-term-ema-cs-100000075582\"> </a></td><td>Herbal tea in bag</td></tr><tr><td style=\"white-space:nowrap\">100000075583<a name=\"combined-term-ema-cs-100000075583\"> </a></td><td>Intravitreal implant in applicator</td></tr><tr><td style=\"white-space:nowrap\">100000075585<a name=\"combined-term-ema-cs-100000075585\"> </a></td><td>Powder and solvent for solution for injection in pre-filled syringe</td></tr><tr><td style=\"white-space:nowrap\">100000075588<a name=\"combined-term-ema-cs-100000075588\"> </a></td><td>Solution for injection/infusion in pre-filled syringe</td></tr><tr><td style=\"white-space:nowrap\">200000015536<a name=\"combined-term-ema-cs-200000015536\"> </a></td><td>Concentrate for dispersion for injection</td></tr><tr><td style=\"white-space:nowrap\">200000002380<a name=\"combined-term-ema-cs-200000002380\"> </a></td><td>Cutaneous solution in single-dose container</td></tr><tr><td style=\"white-space:nowrap\">100000116144<a name=\"combined-term-ema-cs-100000116144\"> </a></td><td>Coated granules in sachet</td></tr><tr><td style=\"white-space:nowrap\">100000116166<a name=\"combined-term-ema-cs-100000116166\"> </a></td><td>Nasal spray, solution in single-dose container</td></tr><tr><td style=\"white-space:nowrap\">100000116178<a name=\"combined-term-ema-cs-100000116178\"> </a></td><td>Powder and solvent for suspension for injection in pre-filled syringe</td></tr><tr><td style=\"white-space:nowrap\">100000116190<a name=\"combined-term-ema-cs-100000116190\"> </a></td><td>Solution for injection in needle-free injector</td></tr><tr><td style=\"white-space:nowrap\">200000016198<a name=\"combined-term-ema-cs-200000016198\"> </a></td><td>Oral solution in bottle</td></tr><tr><td style=\"white-space:nowrap\">200000016458<a name=\"combined-term-ema-cs-200000016458\"> </a></td><td>Oral suspension in single-dose container</td></tr><tr><td style=\"white-space:nowrap\">100000125712<a name=\"combined-term-ema-cs-100000125712\"> </a></td><td>Gel in pressurised container</td></tr><tr><td style=\"white-space:nowrap\">100000125738<a name=\"combined-term-ema-cs-100000125738\"> </a></td><td>Ear drops, suspension in single-dose container</td></tr><tr><td style=\"white-space:nowrap\">100000125739<a name=\"combined-term-ema-cs-100000125739\"> </a></td><td>Emulsion for injection/infusion in pre-filled syringe</td></tr><tr><td style=\"white-space:nowrap\">100000125740<a name=\"combined-term-ema-cs-100000125740\"> </a></td><td>Eye gel in single-dose container</td></tr><tr><td style=\"white-space:nowrap\">100000125741<a name=\"combined-term-ema-cs-100000125741\"> </a></td><td>Gastro-resistant granules for oral suspension in sachet</td></tr><tr><td style=\"white-space:nowrap\">100000125742<a name=\"combined-term-ema-cs-100000125742\"> </a></td><td>Granules for oral suspension in sachet</td></tr><tr><td style=\"white-space:nowrap\">100000125743<a name=\"combined-term-ema-cs-100000125743\"> </a></td><td>Granules in sachet</td></tr><tr><td style=\"white-space:nowrap\">100000125744<a name=\"combined-term-ema-cs-100000125744\"> </a></td><td>Nasal drops, solution in single-dose container</td></tr><tr><td style=\"white-space:nowrap\">100000125745<a name=\"combined-term-ema-cs-100000125745\"> </a></td><td>Oral powder in sachet</td></tr><tr><td style=\"white-space:nowrap\">100000125748<a name=\"combined-term-ema-cs-100000125748\"> </a></td><td>Powder and solvent for solution for injection in cartridge</td></tr><tr><td style=\"white-space:nowrap\">100000125749<a name=\"combined-term-ema-cs-100000125749\"> </a></td><td>Powder and solvent for solution for injection in pre-filled pen</td></tr><tr><td style=\"white-space:nowrap\">100000125752<a name=\"combined-term-ema-cs-100000125752\"> </a></td><td>Powder for oral solution in sachet</td></tr><tr><td style=\"white-space:nowrap\">100000125753<a name=\"combined-term-ema-cs-100000125753\"> </a></td><td>Implant in pre-filled syringe</td></tr><tr><td style=\"white-space:nowrap\">100000125756<a name=\"combined-term-ema-cs-100000125756\"> </a></td><td>Oral solution in sachet</td></tr><tr><td style=\"white-space:nowrap\">100000125757<a name=\"combined-term-ema-cs-100000125757\"> </a></td><td>Oral solution in single-dose container</td></tr><tr><td style=\"white-space:nowrap\">100000125758<a name=\"combined-term-ema-cs-100000125758\"> </a></td><td>Oral suspension in sachet</td></tr><tr><td style=\"white-space:nowrap\">100000125762<a name=\"combined-term-ema-cs-100000125762\"> </a></td><td>Solution and suspension for suspension for injection in pre-filled syringe</td></tr><tr><td style=\"white-space:nowrap\">100000125773<a name=\"combined-term-ema-cs-100000125773\"> </a></td><td>Prolonged-release granules for oral suspension in sachet</td></tr><tr><td style=\"white-space:nowrap\">100000125774<a name=\"combined-term-ema-cs-100000125774\"> </a></td><td>Prolonged-release granules in sachet</td></tr><tr><td style=\"white-space:nowrap\">100000125775<a name=\"combined-term-ema-cs-100000125775\"> </a></td><td>Prolonged-release suspension for injection in pre-filled syringe</td></tr><tr><td style=\"white-space:nowrap\">100000125776<a name=\"combined-term-ema-cs-100000125776\"> </a></td><td>Solution for infusion in pre-filled syringe</td></tr></table></div>"
  },
  "url": "https://spor.ema.europa.eu/v1/lists/200000000007",
  "version": "0.1.0",
  "name": "CombinedTerm_EMA_CS",
  "title": "Combined Term EMA",
  "status": "draft",
  "date": "2022-11-22T13:07:41+00:00",
  "publisher": "UNICOM",
  "contact": [
    {
      "name": "UNICOM",
      "telecom": [
        {
          "system": "url",
          "value": "http://medigree.net"
        }
      ]
    }
  ],
  "description": "Combined Term. Based on EDQM. Re-coded with RMS codes. Only used for authorised dose form.",
  "caseSensitive": false,
  "compositional": false,
  "content": "complete",
  "count": 79,
  "concept": [
    {
      "code": "100000136320",
      "display": "Eye drops, prolonged-release solution in single-dose container"
    },
    {
      "code": "100000136321",
      "display": "Eye drops, suspension in single-dose container"
    },
    {
      "code": "100000136322",
      "display": "Eye ointment in single-dose container"
    },
    {
      "code": "100000136323",
      "display": "Granules for oral solution in sachet"
    },
    {
      "code": "200000017731",
      "display": "Powder for oral suspension in sachet"
    },
    {
      "code": "100000166823",
      "display": "Solution for injection in pre-filled injector"
    },
    {
      "code": "100000167461",
      "display": "Solution for injection in dose-dispenser cartridge"
    },
    {
      "code": "100000174056",
      "display": "Solution for injection in administration system"
    },
    {
      "code": "100000174057",
      "display": "Powder and solvent for prolonged-release suspension for injection in pre-filled syringe"
    },
    {
      "code": "100000174058",
      "display": "Powder for oral/rectal suspension in sachet"
    },
    {
      "code": "100000174059",
      "display": "Suspension for injection in pre-filled injector"
    },
    {
      "code": "100000174060",
      "display": "Gel in sachet"
    },
    {
      "code": "100000174061",
      "display": "Oral suspension in pre-filled oral applicator"
    },
    {
      "code": "100000174062",
      "display": "Oral emulsion in sachet"
    },
    {
      "code": "100000174063",
      "display": "Oral paste in sachet"
    },
    {
      "code": "100000174064",
      "display": "Powder and solvent for prolonged-release suspension for injection in pre-filled pen"
    },
    {
      "code": "200000018794",
      "display": "Oral solution in multidose container with metering pump"
    },
    {
      "code": "100000156069",
      "display": "Film-coated tablet and gastro-resistant granules in sachet"
    },
    {
      "code": "100000156090",
      "display": "Ear drops, solution in single-dose container"
    },
    {
      "code": "100000171807",
      "display": "Granules in single-dose container"
    },
    {
      "code": "100000172024",
      "display": "Syrup in sachet"
    },
    {
      "code": "100000172025",
      "display": "Emulsion for infusion in administration system"
    },
    {
      "code": "200000025956",
      "display": "Film-coated granules in single-dose container"
    },
    {
      "code": "200000027808",
      "display": "Dispersion for injection in pre-filled syringe"
    },
    {
      "code": "200000003532",
      "display": "Powder and solvent for suspension for injection in multidose container"
    },
    {
      "code": "200000003533",
      "display": "Solution for injection in multidose container"
    },
    {
      "code": "200000003534",
      "display": "Suspension for injection in multidose container"
    },
    {
      "code": "200000003542",
      "display": "Granules in capsule for opening"
    },
    {
      "code": "200000003970",
      "display": "Prolonged-release suspension for injection in pre-filled pen"
    },
    {
      "code": "200000003584",
      "display": "Solution for injection in vial"
    },
    {
      "code": "200000005491",
      "display": "Nasal powder in single-dose container"
    },
    {
      "code": "200000010389",
      "display": "Solution for infusion in cartridge"
    },
    {
      "code": "200000010633",
      "display": "Solution for injection in pre-filled syringe in disposable cassette"
    },
    {
      "code": "200000010731",
      "display": "Oral powder in single-dose container"
    },
    {
      "code": "100000073997",
      "display": "Eye drops, solution in single-dose container"
    },
    {
      "code": "100000074028",
      "display": "Pillules in single-dose container"
    },
    {
      "code": "100000074039",
      "display": "Solution for injection in pre-filled pen"
    },
    {
      "code": "100000074046",
      "display": "Solution for injection in cartridge"
    },
    {
      "code": "100000074047",
      "display": "Solution for injection in pre-filled syringe"
    },
    {
      "code": "100000074050",
      "display": "Suspension for injection in pre-filled pen"
    },
    {
      "code": "100000074062",
      "display": "Suspension for injection in cartridge"
    },
    {
      "code": "100000074063",
      "display": "Suspension for injection in pre-filled syringe"
    },
    {
      "code": "200000002333",
      "display": "Eye drops"
    },
    {
      "code": "200000015352",
      "display": "Oral powder in capsules for opening"
    },
    {
      "code": "200000015396",
      "display": "Transdermal gel in sachet"
    },
    {
      "code": "100000075575",
      "display": "Solution for infusion in administration system"
    },
    {
      "code": "100000075582",
      "display": "Herbal tea in bag"
    },
    {
      "code": "100000075583",
      "display": "Intravitreal implant in applicator"
    },
    {
      "code": "100000075585",
      "display": "Powder and solvent for solution for injection in pre-filled syringe"
    },
    {
      "code": "100000075588",
      "display": "Solution for injection/infusion in pre-filled syringe"
    },
    {
      "code": "200000015536",
      "display": "Concentrate for dispersion for injection"
    },
    {
      "code": "200000002380",
      "display": "Cutaneous solution in single-dose container"
    },
    {
      "code": "100000116144",
      "display": "Coated granules in sachet"
    },
    {
      "code": "100000116166",
      "display": "Nasal spray, solution in single-dose container"
    },
    {
      "code": "100000116178",
      "display": "Powder and solvent for suspension for injection in pre-filled syringe"
    },
    {
      "code": "100000116190",
      "display": "Solution for injection in needle-free injector"
    },
    {
      "code": "200000016198",
      "display": "Oral solution in bottle"
    },
    {
      "code": "200000016458",
      "display": "Oral suspension in single-dose container"
    },
    {
      "code": "100000125712",
      "display": "Gel in pressurised container"
    },
    {
      "code": "100000125738",
      "display": "Ear drops, suspension in single-dose container"
    },
    {
      "code": "100000125739",
      "display": "Emulsion for injection/infusion in pre-filled syringe"
    },
    {
      "code": "100000125740",
      "display": "Eye gel in single-dose container"
    },
    {
      "code": "100000125741",
      "display": "Gastro-resistant granules for oral suspension in sachet"
    },
    {
      "code": "100000125742",
      "display": "Granules for oral suspension in sachet"
    },
    {
      "code": "100000125743",
      "display": "Granules in sachet"
    },
    {
      "code": "100000125744",
      "display": "Nasal drops, solution in single-dose container"
    },
    {
      "code": "100000125745",
      "display": "Oral powder in sachet"
    },
    {
      "code": "100000125748",
      "display": "Powder and solvent for solution for injection in cartridge"
    },
    {
      "code": "100000125749",
      "display": "Powder and solvent for solution for injection in pre-filled pen"
    },
    {
      "code": "100000125752",
      "display": "Powder for oral solution in sachet"
    },
    {
      "code": "100000125753",
      "display": "Implant in pre-filled syringe"
    },
    {
      "code": "100000125756",
      "display": "Oral solution in sachet"
    },
    {
      "code": "100000125757",
      "display": "Oral solution in single-dose container"
    },
    {
      "code": "100000125758",
      "display": "Oral suspension in sachet"
    },
    {
      "code": "100000125762",
      "display": "Solution and suspension for suspension for injection in pre-filled syringe"
    },
    {
      "code": "100000125773",
      "display": "Prolonged-release granules for oral suspension in sachet"
    },
    {
      "code": "100000125774",
      "display": "Prolonged-release granules in sachet"
    },
    {
      "code": "100000125775",
      "display": "Prolonged-release suspension for injection in pre-filled syringe"
    },
    {
      "code": "100000125776",
      "display": "Solution for infusion in pre-filled syringe"
    }
  ]
}