{
  "resourceType": "ImplementationGuide",
  "id": "hl7.eu.fhir.unicom",
  "text": {
    "status": "extensions",
    "div": "<div xmlns=\"http://www.w3.org/1999/xhtml\"><h2>UnicomIG</h2><p>The official URL for this implementation guide is: </p><pre>http://unicom-project.eu/fhir/ImplementationGuide/hl7.eu.fhir.unicom</pre><div><p>UnicomIG</p>\n</div></div>"
  },
  "url": "http://unicom-project.eu/fhir/ImplementationGuide/hl7.eu.fhir.unicom",
  "version": "0.1.0",
  "name": "UnicomIG",
  "title": "UnicomIG",
  "status": "draft",
  "date": "2022-11-22T13:07:41+00:00",
  "publisher": "UNICOM",
  "contact": [
    {
      "name": "UNICOM",
      "telecom": [
        {
          "system": "url",
          "value": "http://medigree.net"
        }
      ]
    }
  ],
  "description": "UnicomIG",
  "packageId": "hl7.eu.fhir.unicom",
  "license": "CC0-1.0",
  "fhirVersion": [
    "4.3.0"
  ],
  "dependsOn": [
    {
      "id": "hl7tx",
      "extension": [
        {
          "url": "http://hl7.org/fhir/tools/StructureDefinition/implementationguide-dependency-comment",
          "valueMarkdown": "Automatically added as a dependency - all IGs depend on HL7 Terminology"
        }
      ],
      "uri": "http://terminology.hl7.org/ImplementationGuide/hl7.terminology",
      "packageId": "hl7.terminology.r4",
      "version": "5.0.0"
    }
  ],
  "definition": {
    "extension": [
      {
        "extension": [
          {
            "url": "code",
            "valueString": "copyrightyear"
          },
          {
            "url": "value",
            "valueString": "2022+"
          }
        ],
        "url": "http://hl7.org/fhir/tools/StructureDefinition/ig-parameter"
      },
      {
        "extension": [
          {
            "url": "code",
            "valueString": "releaselabel"
          },
          {
            "url": "value",
            "valueString": "ci-build"
          }
        ],
        "url": "http://hl7.org/fhir/tools/StructureDefinition/ig-parameter"
      },
      {
        "extension": [
          {
            "url": "code",
            "valueString": "autoload-resources"
          },
          {
            "url": "value",
            "valueString": "true"
          }
        ],
        "url": "http://hl7.org/fhir/tools/StructureDefinition/ig-parameter"
      },
      {
        "extension": [
          {
            "url": "code",
            "valueString": "path-liquid"
          },
          {
            "url": "value",
            "valueString": "template/liquid"
          }
        ],
        "url": "http://hl7.org/fhir/tools/StructureDefinition/ig-parameter"
      },
      {
        "extension": [
          {
            "url": "code",
            "valueString": "path-liquid"
          },
          {
            "url": "value",
            "valueString": "input/liquid"
          }
        ],
        "url": "http://hl7.org/fhir/tools/StructureDefinition/ig-parameter"
      },
      {
        "extension": [
          {
            "url": "code",
            "valueString": "path-qa"
          },
          {
            "url": "value",
            "valueString": "temp/qa"
          }
        ],
        "url": "http://hl7.org/fhir/tools/StructureDefinition/ig-parameter"
      },
      {
        "extension": [
          {
            "url": "code",
            "valueString": "path-temp"
          },
          {
            "url": "value",
            "valueString": "temp/pages"
          }
        ],
        "url": "http://hl7.org/fhir/tools/StructureDefinition/ig-parameter"
      },
      {
        "extension": [
          {
            "url": "code",
            "valueString": "path-output"
          },
          {
            "url": "value",
            "valueString": "output"
          }
        ],
        "url": "http://hl7.org/fhir/tools/StructureDefinition/ig-parameter"
      },
      {
        "extension": [
          {
            "url": "code",
            "valueString": "path-suppressed-warnings"
          },
          {
            "url": "value",
            "valueString": "input/ignoreWarnings.txt"
          }
        ],
        "url": "http://hl7.org/fhir/tools/StructureDefinition/ig-parameter"
      },
      {
        "extension": [
          {
            "url": "code",
            "valueString": "path-history"
          },
          {
            "url": "value",
            "valueString": "http://unicom-project.eu/fhir/history.html"
          }
        ],
        "url": "http://hl7.org/fhir/tools/StructureDefinition/ig-parameter"
      },
      {
        "extension": [
          {
            "url": "code",
            "valueString": "template-html"
          },
          {
            "url": "value",
            "valueString": "template-page.html"
          }
        ],
        "url": "http://hl7.org/fhir/tools/StructureDefinition/ig-parameter"
      },
      {
        "extension": [
          {
            "url": "code",
            "valueString": "template-md"
          },
          {
            "url": "value",
            "valueString": "template-page-md.html"
          }
        ],
        "url": "http://hl7.org/fhir/tools/StructureDefinition/ig-parameter"
      },
      {
        "extension": [
          {
            "url": "code",
            "valueString": "apply-contact"
          },
          {
            "url": "value",
            "valueString": "true"
          }
        ],
        "url": "http://hl7.org/fhir/tools/StructureDefinition/ig-parameter"
      },
      {
        "extension": [
          {
            "url": "code",
            "valueString": "apply-context"
          },
          {
            "url": "value",
            "valueString": "true"
          }
        ],
        "url": "http://hl7.org/fhir/tools/StructureDefinition/ig-parameter"
      },
      {
        "extension": [
          {
            "url": "code",
            "valueString": "apply-copyright"
          },
          {
            "url": "value",
            "valueString": "true"
          }
        ],
        "url": "http://hl7.org/fhir/tools/StructureDefinition/ig-parameter"
      },
      {
        "extension": [
          {
            "url": "code",
            "valueString": "apply-jurisdiction"
          },
          {
            "url": "value",
            "valueString": "true"
          }
        ],
        "url": "http://hl7.org/fhir/tools/StructureDefinition/ig-parameter"
      },
      {
        "extension": [
          {
            "url": "code",
            "valueString": "apply-license"
          },
          {
            "url": "value",
            "valueString": "true"
          }
        ],
        "url": "http://hl7.org/fhir/tools/StructureDefinition/ig-parameter"
      },
      {
        "extension": [
          {
            "url": "code",
            "valueString": "apply-publisher"
          },
          {
            "url": "value",
            "valueString": "true"
          }
        ],
        "url": "http://hl7.org/fhir/tools/StructureDefinition/ig-parameter"
      },
      {
        "extension": [
          {
            "url": "code",
            "valueString": "apply-version"
          },
          {
            "url": "value",
            "valueString": "true"
          }
        ],
        "url": "http://hl7.org/fhir/tools/StructureDefinition/ig-parameter"
      },
      {
        "extension": [
          {
            "url": "code",
            "valueString": "active-tables"
          },
          {
            "url": "value",
            "valueString": "true"
          }
        ],
        "url": "http://hl7.org/fhir/tools/StructureDefinition/ig-parameter"
      },
      {
        "extension": [
          {
            "url": "code",
            "valueString": "fmm-definition"
          },
          {
            "url": "value",
            "valueString": "http://hl7.org/fhir/versions.html#maturity"
          }
        ],
        "url": "http://hl7.org/fhir/tools/StructureDefinition/ig-parameter"
      },
      {
        "extension": [
          {
            "url": "code",
            "valueString": "propagate-status"
          },
          {
            "url": "value",
            "valueString": "true"
          }
        ],
        "url": "http://hl7.org/fhir/tools/StructureDefinition/ig-parameter"
      },
      {
        "extension": [
          {
            "url": "code",
            "valueString": "excludelogbinaryformat"
          },
          {
            "url": "value",
            "valueString": "true"
          }
        ],
        "url": "http://hl7.org/fhir/tools/StructureDefinition/ig-parameter"
      },
      {
        "extension": [
          {
            "url": "code",
            "valueString": "tabbed-snapshots"
          },
          {
            "url": "value",
            "valueString": "true"
          }
        ],
        "url": "http://hl7.org/fhir/tools/StructureDefinition/ig-parameter"
      },
      {
        "extension": [
          {
            "url": "code",
            "valueString": "copyrightyear"
          },
          {
            "url": "value",
            "valueString": "2022+"
          }
        ],
        "url": "http://hl7.org/fhir/tools/StructureDefinition/ig-parameter"
      },
      {
        "extension": [
          {
            "url": "code",
            "valueString": "releaselabel"
          },
          {
            "url": "value",
            "valueString": "ci-build"
          }
        ],
        "url": "http://hl7.org/fhir/tools/StructureDefinition/ig-parameter"
      },
      {
        "extension": [
          {
            "url": "code",
            "valueString": "autoload-resources"
          },
          {
            "url": "value",
            "valueString": "true"
          }
        ],
        "url": "http://hl7.org/fhir/tools/StructureDefinition/ig-parameter"
      },
      {
        "extension": [
          {
            "url": "code",
            "valueString": "path-liquid"
          },
          {
            "url": "value",
            "valueString": "template/liquid"
          }
        ],
        "url": "http://hl7.org/fhir/tools/StructureDefinition/ig-parameter"
      },
      {
        "extension": [
          {
            "url": "code",
            "valueString": "path-liquid"
          },
          {
            "url": "value",
            "valueString": "input/liquid"
          }
        ],
        "url": "http://hl7.org/fhir/tools/StructureDefinition/ig-parameter"
      },
      {
        "extension": [
          {
            "url": "code",
            "valueString": "path-qa"
          },
          {
            "url": "value",
            "valueString": "temp/qa"
          }
        ],
        "url": "http://hl7.org/fhir/tools/StructureDefinition/ig-parameter"
      },
      {
        "extension": [
          {
            "url": "code",
            "valueString": "path-temp"
          },
          {
            "url": "value",
            "valueString": "temp/pages"
          }
        ],
        "url": "http://hl7.org/fhir/tools/StructureDefinition/ig-parameter"
      },
      {
        "extension": [
          {
            "url": "code",
            "valueString": "path-output"
          },
          {
            "url": "value",
            "valueString": "output"
          }
        ],
        "url": "http://hl7.org/fhir/tools/StructureDefinition/ig-parameter"
      },
      {
        "extension": [
          {
            "url": "code",
            "valueString": "path-suppressed-warnings"
          },
          {
            "url": "value",
            "valueString": "input/ignoreWarnings.txt"
          }
        ],
        "url": "http://hl7.org/fhir/tools/StructureDefinition/ig-parameter"
      },
      {
        "extension": [
          {
            "url": "code",
            "valueString": "path-history"
          },
          {
            "url": "value",
            "valueString": "http://unicom-project.eu/fhir/history.html"
          }
        ],
        "url": "http://hl7.org/fhir/tools/StructureDefinition/ig-parameter"
      },
      {
        "extension": [
          {
            "url": "code",
            "valueString": "template-html"
          },
          {
            "url": "value",
            "valueString": "template-page.html"
          }
        ],
        "url": "http://hl7.org/fhir/tools/StructureDefinition/ig-parameter"
      },
      {
        "extension": [
          {
            "url": "code",
            "valueString": "template-md"
          },
          {
            "url": "value",
            "valueString": "template-page-md.html"
          }
        ],
        "url": "http://hl7.org/fhir/tools/StructureDefinition/ig-parameter"
      },
      {
        "extension": [
          {
            "url": "code",
            "valueString": "apply-contact"
          },
          {
            "url": "value",
            "valueString": "true"
          }
        ],
        "url": "http://hl7.org/fhir/tools/StructureDefinition/ig-parameter"
      },
      {
        "extension": [
          {
            "url": "code",
            "valueString": "apply-context"
          },
          {
            "url": "value",
            "valueString": "true"
          }
        ],
        "url": "http://hl7.org/fhir/tools/StructureDefinition/ig-parameter"
      },
      {
        "extension": [
          {
            "url": "code",
            "valueString": "apply-copyright"
          },
          {
            "url": "value",
            "valueString": "true"
          }
        ],
        "url": "http://hl7.org/fhir/tools/StructureDefinition/ig-parameter"
      },
      {
        "extension": [
          {
            "url": "code",
            "valueString": "apply-jurisdiction"
          },
          {
            "url": "value",
            "valueString": "true"
          }
        ],
        "url": "http://hl7.org/fhir/tools/StructureDefinition/ig-parameter"
      },
      {
        "extension": [
          {
            "url": "code",
            "valueString": "apply-license"
          },
          {
            "url": "value",
            "valueString": "true"
          }
        ],
        "url": "http://hl7.org/fhir/tools/StructureDefinition/ig-parameter"
      },
      {
        "extension": [
          {
            "url": "code",
            "valueString": "apply-publisher"
          },
          {
            "url": "value",
            "valueString": "true"
          }
        ],
        "url": "http://hl7.org/fhir/tools/StructureDefinition/ig-parameter"
      },
      {
        "extension": [
          {
            "url": "code",
            "valueString": "apply-version"
          },
          {
            "url": "value",
            "valueString": "true"
          }
        ],
        "url": "http://hl7.org/fhir/tools/StructureDefinition/ig-parameter"
      },
      {
        "extension": [
          {
            "url": "code",
            "valueString": "active-tables"
          },
          {
            "url": "value",
            "valueString": "true"
          }
        ],
        "url": "http://hl7.org/fhir/tools/StructureDefinition/ig-parameter"
      },
      {
        "extension": [
          {
            "url": "code",
            "valueString": "fmm-definition"
          },
          {
            "url": "value",
            "valueString": "http://hl7.org/fhir/versions.html#maturity"
          }
        ],
        "url": "http://hl7.org/fhir/tools/StructureDefinition/ig-parameter"
      },
      {
        "extension": [
          {
            "url": "code",
            "valueString": "propagate-status"
          },
          {
            "url": "value",
            "valueString": "true"
          }
        ],
        "url": "http://hl7.org/fhir/tools/StructureDefinition/ig-parameter"
      },
      {
        "extension": [
          {
            "url": "code",
            "valueString": "excludelogbinaryformat"
          },
          {
            "url": "value",
            "valueString": "true"
          }
        ],
        "url": "http://hl7.org/fhir/tools/StructureDefinition/ig-parameter"
      },
      {
        "extension": [
          {
            "url": "code",
            "valueString": "tabbed-snapshots"
          },
          {
            "url": "value",
            "valueString": "true"
          }
        ],
        "url": "http://hl7.org/fhir/tools/StructureDefinition/ig-parameter"
      }
    ],
    "resource": [
      {
        "extension": [
          {
            "url": "http://hl7.org/fhir/tools/StructureDefinition/resource-information",
            "valueString": "StructureDefinition:complex-type"
          }
        ],
        "reference": {
          "reference": "StructureDefinition/CD"
        },
        "name": "CD",
        "description": "Concept descriptor",
        "exampleBoolean": false
      },
      {
        "extension": [
          {
            "url": "http://hl7.org/fhir/tools/StructureDefinition/resource-information",
            "valueString": "StructureDefinition:complex-type"
          }
        ],
        "reference": {
          "reference": "StructureDefinition/DT"
        },
        "name": "DT",
        "description": "Date",
        "exampleBoolean": false
      },
      {
        "extension": [
          {
            "url": "http://hl7.org/fhir/tools/StructureDefinition/resource-information",
            "valueString": "StructureDefinition:complex-type"
          }
        ],
        "reference": {
          "reference": "StructureDefinition/II"
        },
        "name": "II",
        "description": "Instance Identifier",
        "exampleBoolean": false
      },
      {
        "extension": [
          {
            "url": "http://hl7.org/fhir/tools/StructureDefinition/resource-information",
            "valueString": "StructureDefinition:resource"
          }
        ],
        "reference": {
          "reference": "StructureDefinition/PPLAdministrableProductDefinition"
        },
        "name": "PPL Administrable Product profile",
        "description": "Administrable product profile defines the ISO IDMP Pharmaceutical Product concept",
        "exampleBoolean": false
      },
      {
        "extension": [
          {
            "url": "http://hl7.org/fhir/tools/StructureDefinition/resource-information",
            "valueString": "StructureDefinition:resource"
          }
        ],
        "reference": {
          "reference": "StructureDefinition/PPLIngredient"
        },
        "name": "PPL Ingredient profile",
        "description": "Ingredient for the medicinal product, pharmaceutical product and/or manufactured item",
        "exampleBoolean": false
      },
      {
        "extension": [
          {
            "url": "http://hl7.org/fhir/tools/StructureDefinition/resource-information",
            "valueString": "StructureDefinition:resource"
          }
        ],
        "reference": {
          "reference": "StructureDefinition/PPLManufacturedItemDefinition"
        },
        "name": "PPL Manufactured Item profile",
        "description": "Manufactured item is the countable element inside the package",
        "exampleBoolean": false
      },
      {
        "extension": [
          {
            "url": "http://hl7.org/fhir/tools/StructureDefinition/resource-information",
            "valueString": "StructureDefinition:resource"
          }
        ],
        "reference": {
          "reference": "StructureDefinition/PPLMedicinalProductDefinition"
        },
        "name": "PPL Medicinal Product profile",
        "description": "Medicinal Product as defined in ISO IDMP",
        "exampleBoolean": false
      },
      {
        "extension": [
          {
            "url": "http://hl7.org/fhir/tools/StructureDefinition/resource-information",
            "valueString": "StructureDefinition:resource"
          }
        ],
        "reference": {
          "reference": "StructureDefinition/PPLOrganization"
        },
        "name": "PPL Organization",
        "description": "Organization",
        "exampleBoolean": false
      },
      {
        "extension": [
          {
            "url": "http://hl7.org/fhir/tools/StructureDefinition/resource-information",
            "valueString": "StructureDefinition:resource"
          }
        ],
        "reference": {
          "reference": "StructureDefinition/PPLPackagedProductDefinition"
        },
        "name": "PPL Packaged Product profile",
        "description": "Packaged Product",
        "exampleBoolean": false
      },
      {
        "extension": [
          {
            "url": "http://hl7.org/fhir/tools/StructureDefinition/resource-information",
            "valueString": "StructureDefinition:resource"
          }
        ],
        "reference": {
          "reference": "StructureDefinition/PPLRegulatedAuthorization"
        },
        "name": "PPL Marketing Authorisation profile",
        "description": "Regulated Authorization profile defines the Marketing Authorisation on product or package level",
        "exampleBoolean": false
      },
      {
        "extension": [
          {
            "url": "http://hl7.org/fhir/tools/StructureDefinition/resource-information",
            "valueString": "StructureDefinition:complex-type"
          }
        ],
        "reference": {
          "reference": "StructureDefinition/QT"
        },
        "name": "QT",
        "description": "Quantity",
        "exampleBoolean": false
      },
      {
        "extension": [
          {
            "url": "http://hl7.org/fhir/tools/StructureDefinition/resource-information",
            "valueString": "StructureDefinition:complex-type"
          }
        ],
        "reference": {
          "reference": "StructureDefinition/ST"
        },
        "name": "ST",
        "description": "String",
        "exampleBoolean": false
      },
      {
        "extension": [
          {
            "url": "http://hl7.org/fhir/tools/StructureDefinition/resource-information",
            "valueString": "StructureDefinition:complex-type"
          }
        ],
        "reference": {
          "reference": "StructureDefinition/TS"
        },
        "name": "TS",
        "description": "Time stamp",
        "exampleBoolean": false
      },
      {
        "extension": [
          {
            "url": "http://hl7.org/fhir/tools/StructureDefinition/resource-information",
            "valueString": "StructureDefinition:complex-type"
          }
        ],
        "reference": {
          "reference": "StructureDefinition/class"
        },
        "name": "class",
        "description": "Class of data elements",
        "exampleBoolean": false
      },
      {
        "extension": [
          {
            "url": "http://hl7.org/fhir/tools/StructureDefinition/resource-information",
            "valueString": "StructureDefinition:complex-type"
          }
        ],
        "reference": {
          "reference": "StructureDefinition/untyped"
        },
        "name": "untyped",
        "description": "No data type defined",
        "exampleBoolean": false
      },
      {
        "extension": [
          {
            "url": "http://hl7.org/fhir/tools/StructureDefinition/resource-information",
            "valueString": "StructureDefinition:logical"
          }
        ],
        "reference": {
          "reference": "StructureDefinition/FullMedicinalProduct"
        },
        "name": "Medicinal Product",
        "description": "Medicinal Product",
        "exampleBoolean": false
      },
      {
        "extension": [
          {
            "url": "http://hl7.org/fhir/tools/StructureDefinition/resource-information",
            "valueString": "ValueSet"
          }
        ],
        "reference": {
          "reference": "ValueSet/all-units-vs"
        },
        "name": "All Units Combined",
        "description": "Value set for presentation strength denominator unit, combines units of measurement and units of presentation.",
        "exampleBoolean": false
      },
      {
        "extension": [
          {
            "url": "http://hl7.org/fhir/tools/StructureDefinition/resource-information",
            "valueString": "ValueSet"
          }
        ],
        "reference": {
          "reference": "ValueSet/authorised-doseform-vs"
        },
        "name": "Authorised Dose Form",
        "description": "Value set for authorised dose form. Combines 4 SPOR/EDQM lists: Pharmaceutical dose form, Combined pharmaceutical dose form, Combined term, Combination package.",
        "exampleBoolean": false
      },
      {
        "extension": [
          {
            "url": "http://hl7.org/fhir/tools/StructureDefinition/resource-information",
            "valueString": "ValueSet"
          }
        ],
        "reference": {
          "reference": "ValueSet/country-ema-vs"
        },
        "name": "Country (EMA SPOR RMS)",
        "description": "Countries. EMA SPOR RMS list.",
        "exampleBoolean": false
      },
      {
        "extension": [
          {
            "url": "http://hl7.org/fhir/tools/StructureDefinition/resource-information",
            "valueString": "ValueSet"
          }
        ],
        "reference": {
          "reference": "ValueSet/country-iso-vs"
        },
        "name": "Country (ISO 3166-1-2)",
        "description": "Countries",
        "exampleBoolean": false
      },
      {
        "extension": [
          {
            "url": "http://hl7.org/fhir/tools/StructureDefinition/resource-information",
            "valueString": "ValueSet"
          }
        ],
        "reference": {
          "reference": "ValueSet/domain-vs"
        },
        "name": "Domain",
        "description": "Domain of the medicinal product. EMA SPOR RMS list.",
        "exampleBoolean": false
      },
      {
        "extension": [
          {
            "url": "http://hl7.org/fhir/tools/StructureDefinition/resource-information",
            "valueString": "ValueSet"
          }
        ],
        "reference": {
          "reference": "ValueSet/language-bcp-vs"
        },
        "name": "Language (FHIR)",
        "description": "All languages",
        "exampleBoolean": false
      },
      {
        "extension": [
          {
            "url": "http://hl7.org/fhir/tools/StructureDefinition/resource-information",
            "valueString": "ValueSet"
          }
        ],
        "reference": {
          "reference": "ValueSet/language-ema-vs"
        },
        "name": "Language (EMA SPOR RMS)",
        "description": "Languages. EMA SPOR RMS list.",
        "exampleBoolean": false
      },
      {
        "extension": [
          {
            "url": "http://hl7.org/fhir/tools/StructureDefinition/resource-information",
            "valueString": "ValueSet"
          }
        ],
        "reference": {
          "reference": "ValueSet/legal-status-for-the-supply-vs"
        },
        "name": "Legal Status for the Supply",
        "description": "EMA SPOR RMS list",
        "exampleBoolean": false
      },
      {
        "extension": [
          {
            "url": "http://hl7.org/fhir/tools/StructureDefinition/resource-information",
            "valueString": "ValueSet"
          }
        ],
        "reference": {
          "reference": "ValueSet/material-vs"
        },
        "name": "Material",
        "description": "Package material. EMA SPOR RMS LIST.",
        "exampleBoolean": false
      },
      {
        "extension": [
          {
            "url": "http://hl7.org/fhir/tools/StructureDefinition/resource-information",
            "valueString": "ValueSet"
          }
        ],
        "reference": {
          "reference": "ValueSet/pharmaceutical-doseform-vs"
        },
        "name": "Pharmaceutical Dose Form",
        "description": "Pharmaceutical dose form. Does not include combination dose forms.",
        "exampleBoolean": false
      },
      {
        "extension": [
          {
            "url": "http://hl7.org/fhir/tools/StructureDefinition/resource-information",
            "valueString": "ValueSet"
          }
        ],
        "reference": {
          "reference": "ValueSet/routes-and-methods-of-administration-vs"
        },
        "name": "Routes and Methods of Administration",
        "description": "Routes and methods of medication administration. EMA SPOR RMS list.",
        "exampleBoolean": false
      },
      {
        "extension": [
          {
            "url": "http://hl7.org/fhir/tools/StructureDefinition/resource-information",
            "valueString": "ValueSet"
          }
        ],
        "reference": {
          "reference": "ValueSet/unit-of-measurement-vs"
        },
        "name": "Unit of Measurement EMA",
        "description": "Units of measurement. EMA SPOR RMS list based on UCUM.",
        "exampleBoolean": false
      },
      {
        "extension": [
          {
            "url": "http://hl7.org/fhir/tools/StructureDefinition/resource-information",
            "valueString": "ValueSet"
          }
        ],
        "reference": {
          "reference": "ValueSet/unit-of-presentation-vs"
        },
        "name": "Unit of Presentation EMA",
        "description": "Units of presentation. EMA SPOR RMS list based on EDQM.",
        "exampleBoolean": false
      },
      {
        "extension": [
          {
            "url": "http://hl7.org/fhir/tools/StructureDefinition/resource-information",
            "valueString": "CodeSystem"
          }
        ],
        "reference": {
          "reference": "CodeSystem/combination-package-ema-cs"
        },
        "name": "Combination Package EMA",
        "description": "Dose forms for combination packages. Based on EDQM. Re-coded with RMS codes. Only used for authorised dose form.",
        "exampleBoolean": false
      },
      {
        "extension": [
          {
            "url": "http://hl7.org/fhir/tools/StructureDefinition/resource-information",
            "valueString": "CodeSystem"
          }
        ],
        "reference": {
          "reference": "CodeSystem/combined-pharmaceutical-dose-form-ema-cs"
        },
        "name": "Combined Pharmaceutical Dose Form EMA",
        "description": "Combined Pharmaceutical Dose Form. Based on EDQM. Re-coded with RMS codes. Used only for authorised dose form.",
        "exampleBoolean": false
      },
      {
        "extension": [
          {
            "url": "http://hl7.org/fhir/tools/StructureDefinition/resource-information",
            "valueString": "CodeSystem"
          }
        ],
        "reference": {
          "reference": "CodeSystem/combined-term-ema-cs"
        },
        "name": "Combined Term EMA",
        "description": "Combined Term. Based on EDQM. Re-coded with RMS codes. Only used for authorised dose form.",
        "exampleBoolean": false
      },
      {
        "extension": [
          {
            "url": "http://hl7.org/fhir/tools/StructureDefinition/resource-information",
            "valueString": "CodeSystem"
          }
        ],
        "reference": {
          "reference": "CodeSystem/country-ema-cs"
        },
        "name": "Country EMA",
        "description": "Country codes by EMA. Based on ISO 3166-1-2, recoded with RMS codes.",
        "exampleBoolean": false
      },
      {
        "extension": [
          {
            "url": "http://hl7.org/fhir/tools/StructureDefinition/resource-information",
            "valueString": "CodeSystem"
          }
        ],
        "reference": {
          "reference": "CodeSystem/domain-ema-cs"
        },
        "name": "Domain EMA",
        "description": "Domain of the medicinal product (human, veterinary, both)",
        "exampleBoolean": false
      },
      {
        "extension": [
          {
            "url": "http://hl7.org/fhir/tools/StructureDefinition/resource-information",
            "valueString": "CodeSystem"
          }
        ],
        "reference": {
          "reference": "CodeSystem/language-ema-cs"
        },
        "name": "Language EMA",
        "exampleBoolean": false
      },
      {
        "extension": [
          {
            "url": "http://hl7.org/fhir/tools/StructureDefinition/resource-information",
            "valueString": "CodeSystem"
          }
        ],
        "reference": {
          "reference": "CodeSystem/legal-status-for-the-supply-ema-cs"
        },
        "name": "Legal Status for the Supply EMA",
        "description": "Legal status of supply. EMA SPOR RMS list.",
        "exampleBoolean": false
      },
      {
        "extension": [
          {
            "url": "http://hl7.org/fhir/tools/StructureDefinition/resource-information",
            "valueString": "CodeSystem"
          }
        ],
        "reference": {
          "reference": "CodeSystem/material-ema-cs"
        },
        "name": "Material EMA",
        "description": "Package material. EMA SPOR RMS list. Hierarchical.",
        "exampleBoolean": false
      },
      {
        "extension": [
          {
            "url": "http://hl7.org/fhir/tools/StructureDefinition/resource-information",
            "valueString": "CodeSystem"
          }
        ],
        "reference": {
          "reference": "CodeSystem/pharmaceutical-dose-form-ema-cs"
        },
        "name": "Pharmaceutical Dose Form EMA",
        "description": "Pharmaceutical dose form. Based on EDQM, re-coded with RMS codes.",
        "exampleBoolean": false
      },
      {
        "extension": [
          {
            "url": "http://hl7.org/fhir/tools/StructureDefinition/resource-information",
            "valueString": "CodeSystem"
          }
        ],
        "reference": {
          "reference": "CodeSystem/routes-and-methods-of-administration-ema-cs"
        },
        "name": "Routes and Methods of Administration EMA",
        "description": "Routes and methods of medication administration. Based on EDQM, re-coded with RMS codes.",
        "exampleBoolean": false
      },
      {
        "extension": [
          {
            "url": "http://hl7.org/fhir/tools/StructureDefinition/resource-information",
            "valueString": "CodeSystem"
          }
        ],
        "reference": {
          "reference": "CodeSystem/unit-of-measurement-ema-cs"
        },
        "name": "Unit of Measurement EMA",
        "description": "Unit of Measurement. Based on UCUM. Re-coded with RMS codes.",
        "exampleBoolean": false
      },
      {
        "extension": [
          {
            "url": "http://hl7.org/fhir/tools/StructureDefinition/resource-information",
            "valueString": "CodeSystem"
          }
        ],
        "reference": {
          "reference": "CodeSystem/unit-of-presentation-ema-cs"
        },
        "name": "Unit of Presentation EMA",
        "description": "Unit of presentation list from EMA SPOR. List id 200000000014. Content based on EDQM, re-coded with RMS codes.",
        "exampleBoolean": false
      },
      {
        "extension": [
          {
            "url": "http://hl7.org/fhir/tools/StructureDefinition/resource-information",
            "valueString": "Bundle"
          }
        ],
        "reference": {
          "reference": "Bundle/001-Agen5mg-EE-FullProduct"
        },
        "name": "001-Agen5mg-EE-FullProduct",
        "description": "Agen 5mg Tablet. Estonia. Simple example of one full product as a bundle. Packages, PCIDs, differ by material.",
        "exampleBoolean": true
      },
      {
        "extension": [
          {
            "url": "http://hl7.org/fhir/tools/StructureDefinition/resource-information",
            "valueString": "Bundle"
          }
        ],
        "reference": {
          "reference": "Bundle/002-Agen10mg-EE-FullProduct"
        },
        "name": "002-Agen10mg-EE-FullProduct",
        "description": "Agen 10mg Tablet. Estonia. Simple example of one full product as a bundle. Packages, PCIDs, differ by material.",
        "exampleBoolean": true
      },
      {
        "extension": [
          {
            "url": "http://hl7.org/fhir/tools/StructureDefinition/resource-information",
            "valueString": "Bundle"
          }
        ],
        "reference": {
          "reference": "Bundle/003-CefuroximStragen-1.5g-Powder-SE-FullProduct"
        },
        "name": "003-CefuroximStragen-1.5g-Powder-SE-FullProduct",
        "description": "Cefuroxim Stragen 1.5g Powder for solution for injection/infusion. Kingdom of Sweden. Strength in grams; man. item quantity unknown; transformation before administration.",
        "exampleBoolean": true
      },
      {
        "extension": [
          {
            "url": "http://hl7.org/fhir/tools/StructureDefinition/resource-information",
            "valueString": "Bundle"
          }
        ],
        "reference": {
          "reference": "Bundle/004-Cefuroxime-MIP-1500mg-EE-FullProduct"
        },
        "name": "004-Cefuroxime-MIP-1500mg-EE-FullProduct",
        "description": "Cefuroxime MIP 1500mg Powder for solution for injection/infusion. Estonia. Strength in milligrams; man. item quantity unknown; transformation before administration.",
        "exampleBoolean": true
      },
      {
        "extension": [
          {
            "url": "http://hl7.org/fhir/tools/StructureDefinition/resource-information",
            "valueString": "Bundle"
          }
        ],
        "reference": {
          "reference": "Bundle/005-CanifugCremolum-EE-FullProduct"
        },
        "name": "005-CanifugCremolum-EE-FullProduct",
        "description": "Canifug Cremolum. Estonia. Combination package of clotrimazole 10mg/g creme and six 100mg pessaries.",
        "exampleBoolean": true
      },
      {
        "extension": [
          {
            "url": "http://hl7.org/fhir/tools/StructureDefinition/resource-information",
            "valueString": "Bundle"
          }
        ],
        "reference": {
          "reference": "Bundle/006-Yaz-0.02mg3mg-tablet-SE-FullProduct"
        },
        "name": "006-Yaz-0.02mg3mg-tablet-SE-FullProduct",
        "description": "YAZ ethinylestradiol 0.02mg, drosperinone 3mg, includes placebo tablets. Kingdom of Sweden. Different manufactured items in one container.",
        "exampleBoolean": true
      },
      {
        "extension": [
          {
            "url": "http://hl7.org/fhir/tools/StructureDefinition/resource-information",
            "valueString": "Bundle"
          }
        ],
        "reference": {
          "reference": "Bundle/007-Jangee-0.02mg-3mg-Film-coated-tablet-EE-FullProduct"
        },
        "name": "007-Jangee-0.02mg-3mg-Film-coated-tablet-EE-FullProduct",
        "description": "Jangee ethinylestradiol 0.02mg, drosperinone 3mg. Estonia. Without placebo pills.",
        "exampleBoolean": true
      },
      {
        "extension": [
          {
            "url": "http://hl7.org/fhir/tools/StructureDefinition/resource-information",
            "valueString": "Bundle"
          }
        ],
        "reference": {
          "reference": "Bundle/008-Jangee-0.03mg-3mg-Film-coated-tablet-EE-FullProduct"
        },
        "name": "008-Jangee-0.03mg-3mg-Film-coated-tablet-EE-FullProduct",
        "description": "Jangee ethinylestradiol 0.03mg, drosperinone 3mg. Estonia. Without placebo pills.",
        "exampleBoolean": true
      },
      {
        "extension": [
          {
            "url": "http://hl7.org/fhir/tools/StructureDefinition/resource-information",
            "valueString": "Bundle"
          }
        ],
        "reference": {
          "reference": "Bundle/009-Paracetamol-Kabi10mg-1ml-EE-FullProduct"
        },
        "name": "009-Paracetamol-Kabi10mg-1ml-EE-FullProduct",
        "description": "Paracetamol Kabi 10mg/ml solution for infusion. One pharmaceutical product for three different manufactured items.",
        "exampleBoolean": true
      },
      {
        "extension": [
          {
            "url": "http://hl7.org/fhir/tools/StructureDefinition/resource-information",
            "valueString": "Bundle"
          }
        ],
        "reference": {
          "reference": "Bundle/010-Clexane-60mg-0.6ml-EE-FullProduct"
        },
        "name": "010-Clexane-60mg-0.6ml-EE-FullProduct",
        "description": "Clexane, enoxaparine sodium 60mg/0.6ml, 2 pre-filled syringes. Presentation strength per quantity.",
        "exampleBoolean": true
      },
      {
        "extension": [
          {
            "url": "http://hl7.org/fhir/tools/StructureDefinition/resource-information",
            "valueString": "AdministrableProductDefinition"
          }
        ],
        "reference": {
          "reference": "AdministrableProductDefinition/Agen-5mg-Tablet-EE-APD"
        },
        "name": "Agen-5mg-Tablet-EE-APD",
        "description": "Administrable/Pharmaceutical Product Definition: simple tablets",
        "exampleCanonical": "http://unicom-project.eu/fhir/StructureDefinition/PPLAdministrableProductDefinition"
      },
      {
        "extension": [
          {
            "url": "http://hl7.org/fhir/tools/StructureDefinition/resource-information",
            "valueString": "Ingredient"
          }
        ],
        "reference": {
          "reference": "Ingredient/Agen-5mg-Tablet-EE-I"
        },
        "name": "Agen-5mg-Tablet-EE-I",
        "description": "Ingredient: amlodipine besilate, presentation strength; amlodipine, reference strength",
        "exampleCanonical": "http://unicom-project.eu/fhir/StructureDefinition/PPLIngredient"
      },
      {
        "extension": [
          {
            "url": "http://hl7.org/fhir/tools/StructureDefinition/resource-information",
            "valueString": "ManufacturedItemDefinition"
          }
        ],
        "reference": {
          "reference": "ManufacturedItemDefinition/Agen-5mg-Tablet-EE-MID"
        },
        "name": "Agen-5mg-Tablet-EE-MID",
        "description": "Manufactured Item: simple tablet",
        "exampleCanonical": "http://unicom-project.eu/fhir/StructureDefinition/PPLManufacturedItemDefinition"
      },
      {
        "extension": [
          {
            "url": "http://hl7.org/fhir/tools/StructureDefinition/resource-information",
            "valueString": "MedicinalProductDefinition"
          }
        ],
        "reference": {
          "reference": "MedicinalProductDefinition/Agen-5mg-Tablet-EE-MPD"
        },
        "name": "Agen-5mg-Tablet-EE-MPD",
        "description": "Medicinal Product Definition: simple tablets",
        "exampleCanonical": "http://unicom-project.eu/fhir/StructureDefinition/PPLMedicinalProductDefinition"
      },
      {
        "extension": [
          {
            "url": "http://hl7.org/fhir/tools/StructureDefinition/resource-information",
            "valueString": "PackagedProductDefinition"
          }
        ],
        "reference": {
          "reference": "PackagedProductDefinition/Agen-5mg-Tablet-EE-PPD-1109887-A"
        },
        "name": "Agen-5mg-Tablet-EE-PPD-1109887-A",
        "description": "Packaged Product Definition: simple tablets",
        "exampleCanonical": "http://unicom-project.eu/fhir/StructureDefinition/PPLPackagedProductDefinition"
      },
      {
        "extension": [
          {
            "url": "http://hl7.org/fhir/tools/StructureDefinition/resource-information",
            "valueString": "PackagedProductDefinition"
          }
        ],
        "reference": {
          "reference": "PackagedProductDefinition/Agen-5mg-Tablet-EE-PPD-1109887-B"
        },
        "name": "Agen-5mg-Tablet-EE-PPD-1109887-B",
        "description": "Packaged Product Definition: simple tablets",
        "exampleCanonical": "http://unicom-project.eu/fhir/StructureDefinition/PPLPackagedProductDefinition"
      },
      {
        "extension": [
          {
            "url": "http://hl7.org/fhir/tools/StructureDefinition/resource-information",
            "valueString": "RegulatedAuthorization"
          }
        ],
        "reference": {
          "reference": "RegulatedAuthorization/Agen-5mg-Tablet-EE-RA"
        },
        "name": "Agen-5mg-Tablet-EE-RA",
        "description": "Marketing Authorisation",
        "exampleCanonical": "http://unicom-project.eu/fhir/StructureDefinition/PPLRegulatedAuthorization"
      },
      {
        "extension": [
          {
            "url": "http://hl7.org/fhir/tools/StructureDefinition/resource-information",
            "valueString": "AdministrableProductDefinition"
          }
        ],
        "reference": {
          "reference": "AdministrableProductDefinition/CanifugCremolum-100mg-Pessary-EE-APD"
        },
        "name": "CanifugCremolum-100mg-Pessary-EE-APD",
        "description": "Administrable/Pharmaceutical Product Definition: pessaries",
        "exampleCanonical": "http://unicom-project.eu/fhir/StructureDefinition/PPLAdministrableProductDefinition"
      },
      {
        "extension": [
          {
            "url": "http://hl7.org/fhir/tools/StructureDefinition/resource-information",
            "valueString": "Ingredient"
          }
        ],
        "reference": {
          "reference": "Ingredient/CanifugCremolum-100mg-Pessary-EE-I"
        },
        "name": "CanifugCremolum-100mg-Pessary-EE-I",
        "description": "Ingredient: clotrimazole, presentation strength",
        "exampleCanonical": "http://unicom-project.eu/fhir/StructureDefinition/PPLIngredient"
      },
      {
        "extension": [
          {
            "url": "http://hl7.org/fhir/tools/StructureDefinition/resource-information",
            "valueString": "ManufacturedItemDefinition"
          }
        ],
        "reference": {
          "reference": "ManufacturedItemDefinition/CanifugCremolum-100mg-Pessary-EE-MID"
        },
        "name": "CanifugCremolum-100mg-Pessary-EE-MID",
        "description": "Manufactured Item: pessary",
        "exampleCanonical": "http://unicom-project.eu/fhir/StructureDefinition/PPLManufacturedItemDefinition"
      },
      {
        "extension": [
          {
            "url": "http://hl7.org/fhir/tools/StructureDefinition/resource-information",
            "valueString": "AdministrableProductDefinition"
          }
        ],
        "reference": {
          "reference": "AdministrableProductDefinition/CanifugCremolum-10mg1g-Cream-EE-APD"
        },
        "name": "CanifugCremolum-10mg1g-Cream-EE-APD",
        "description": "Administrable/Pharmaceutical Product Definition: creme",
        "exampleCanonical": "http://unicom-project.eu/fhir/StructureDefinition/PPLAdministrableProductDefinition"
      },
      {
        "extension": [
          {
            "url": "http://hl7.org/fhir/tools/StructureDefinition/resource-information",
            "valueString": "Ingredient"
          }
        ],
        "reference": {
          "reference": "Ingredient/CanifugCremolum-10mg1g-Cream-EE-I"
        },
        "name": "CanifugCremolum-10mg1g-Cream-EE-I",
        "description": "Ingredient: clotrimazole, concentration strength",
        "exampleCanonical": "http://unicom-project.eu/fhir/StructureDefinition/PPLIngredient"
      },
      {
        "extension": [
          {
            "url": "http://hl7.org/fhir/tools/StructureDefinition/resource-information",
            "valueString": "ManufacturedItemDefinition"
          }
        ],
        "reference": {
          "reference": "ManufacturedItemDefinition/CanifugCremolum-10mg1g-Cream-EE-MID"
        },
        "name": "CanifugCremolum-10mg1g-Cream-EE-MID",
        "description": "Manufactured Item: cream in tube",
        "exampleCanonical": "http://unicom-project.eu/fhir/StructureDefinition/PPLManufacturedItemDefinition"
      },
      {
        "extension": [
          {
            "url": "http://hl7.org/fhir/tools/StructureDefinition/resource-information",
            "valueString": "MedicinalProductDefinition"
          }
        ],
        "reference": {
          "reference": "MedicinalProductDefinition/CanifugCremolum-EE-MPD"
        },
        "name": "CanifugCremolum-EE-MPD",
        "description": "Medicinal Product Definition: combination product of creme and pessaries",
        "exampleCanonical": "http://unicom-project.eu/fhir/StructureDefinition/PPLMedicinalProductDefinition"
      },
      {
        "extension": [
          {
            "url": "http://hl7.org/fhir/tools/StructureDefinition/resource-information",
            "valueString": "PackagedProductDefinition"
          }
        ],
        "reference": {
          "reference": "PackagedProductDefinition/CanifugCremolum-EE-PPD-1033692"
        },
        "name": "CanifugCremolum-EE-PPD-1033692",
        "description": "Packaged Product Definition: combination package of creme and pessaries",
        "exampleCanonical": "http://unicom-project.eu/fhir/StructureDefinition/PPLPackagedProductDefinition"
      },
      {
        "extension": [
          {
            "url": "http://hl7.org/fhir/tools/StructureDefinition/resource-information",
            "valueString": "RegulatedAuthorization"
          }
        ],
        "reference": {
          "reference": "RegulatedAuthorization/CanifugCremolum-EE-RA"
        },
        "name": "CanifugCremolum-EE-RA",
        "description": "Marketing Authorisation",
        "exampleCanonical": "http://unicom-project.eu/fhir/StructureDefinition/PPLRegulatedAuthorization"
      },
      {
        "extension": [
          {
            "url": "http://hl7.org/fhir/tools/StructureDefinition/resource-information",
            "valueString": "AdministrableProductDefinition"
          }
        ],
        "reference": {
          "reference": "AdministrableProductDefinition/Cefuroxime-MIP-1500mg-EE-APD"
        },
        "name": "Cefuroxime-MIP-1500mg-EE-APD",
        "description": "Administrable/Pharmaceutical Product Definition: transformed",
        "exampleCanonical": "http://unicom-project.eu/fhir/StructureDefinition/PPLAdministrableProductDefinition"
      },
      {
        "extension": [
          {
            "url": "http://hl7.org/fhir/tools/StructureDefinition/resource-information",
            "valueString": "Ingredient"
          }
        ],
        "reference": {
          "reference": "Ingredient/Cefuroxime-MIP-1500mg-EE-I"
        },
        "name": "Cefuroxime-MIP-1500mg-EE-I",
        "description": "Ingredient: cefuroxime sodium, presentation strength; cefuroxime sodium, reference strength",
        "exampleBoolean": true
      },
      {
        "extension": [
          {
            "url": "http://hl7.org/fhir/tools/StructureDefinition/resource-information",
            "valueString": "ManufacturedItemDefinition"
          }
        ],
        "reference": {
          "reference": "ManufacturedItemDefinition/Cefuroxime-MIP-1500mg-EE-MID"
        },
        "name": "Cefuroxime-MIP-1500mg-EE-MID",
        "description": "Manufactured Item: powder in vial",
        "exampleCanonical": "http://unicom-project.eu/fhir/StructureDefinition/PPLManufacturedItemDefinition"
      },
      {
        "extension": [
          {
            "url": "http://hl7.org/fhir/tools/StructureDefinition/resource-information",
            "valueString": "MedicinalProductDefinition"
          }
        ],
        "reference": {
          "reference": "MedicinalProductDefinition/Cefuroxime-MIP-1500mg-EE-MPD"
        },
        "name": "Cefuroxime-MIP-1500mg-EE-MPD",
        "description": "Medicinal Product Definition: powder for solution",
        "exampleCanonical": "http://unicom-project.eu/fhir/StructureDefinition/PPLMedicinalProductDefinition"
      },
      {
        "extension": [
          {
            "url": "http://hl7.org/fhir/tools/StructureDefinition/resource-information",
            "valueString": "PackagedProductDefinition"
          }
        ],
        "reference": {
          "reference": "PackagedProductDefinition/Cefuroxime-MIP-1500mg-EE-PPD-1529940"
        },
        "name": "Cefuroxime-MIP-1500mg-EE-PPD-1529940",
        "description": "Packaged Product Definition: powder for solution in 1 vial",
        "exampleCanonical": "http://unicom-project.eu/fhir/StructureDefinition/PPLPackagedProductDefinition"
      },
      {
        "extension": [
          {
            "url": "http://hl7.org/fhir/tools/StructureDefinition/resource-information",
            "valueString": "PackagedProductDefinition"
          }
        ],
        "reference": {
          "reference": "PackagedProductDefinition/Cefuroxime-MIP-1500mg-EE-PPD-1529962"
        },
        "name": "Cefuroxime-MIP-1500mg-EE-PPD-1529962",
        "description": "Packaged Product Definition: powder for solution in 10 vials",
        "exampleCanonical": "http://unicom-project.eu/fhir/StructureDefinition/PPLPackagedProductDefinition"
      },
      {
        "extension": [
          {
            "url": "http://hl7.org/fhir/tools/StructureDefinition/resource-information",
            "valueString": "RegulatedAuthorization"
          }
        ],
        "reference": {
          "reference": "RegulatedAuthorization/Cefuroxime-MIP-1500mg-EE-RA"
        },
        "name": "Cefuroxime-MIP-1500mg-EE-RA",
        "description": "Marketing Authorisation",
        "exampleCanonical": "http://unicom-project.eu/fhir/StructureDefinition/PPLRegulatedAuthorization"
      },
      {
        "extension": [
          {
            "url": "http://hl7.org/fhir/tools/StructureDefinition/resource-information",
            "valueString": "Organization"
          }
        ],
        "reference": {
          "reference": "Organization/LOC-100002580-Zentiva"
        },
        "name": "LOC-100002580-Zentiva",
        "description": "Marketing Authorisation Holder / Organisation",
        "exampleCanonical": "http://unicom-project.eu/fhir/StructureDefinition/PPLOrganization"
      },
      {
        "extension": [
          {
            "url": "http://hl7.org/fhir/tools/StructureDefinition/resource-information",
            "valueString": "Organization"
          }
        ],
        "reference": {
          "reference": "Organization/LOC-100004795-Wolff-Arzneimittel"
        },
        "name": "LOC-100004795-Wolff-Arzneimittel",
        "description": "Marketing Authorisation Holder / Organisation",
        "exampleCanonical": "http://unicom-project.eu/fhir/StructureDefinition/PPLOrganization"
      },
      {
        "extension": [
          {
            "url": "http://hl7.org/fhir/tools/StructureDefinition/resource-information",
            "valueString": "Organization"
          }
        ],
        "reference": {
          "reference": "Organization/LOC-100009199-Mip"
        },
        "name": "LOC-100009199-Mip",
        "description": "Marketing Authorisation Holder / Organisation",
        "exampleCanonical": "http://unicom-project.eu/fhir/StructureDefinition/PPLOrganization"
      }
    ],
    "page": {
      "nameUrl": "toc.html",
      "title": "Table of Contents",
      "generation": "html",
      "page": [
        {
          "nameUrl": "index.html",
          "title": "Home",
          "generation": "html"
        }
      ]
    },
    "parameter": [
      {
        "code": "path-resource",
        "value": "input/capabilities"
      },
      {
        "code": "path-resource",
        "value": "input/examples"
      },
      {
        "code": "path-resource",
        "value": "input/extensions"
      },
      {
        "code": "path-resource",
        "value": "input/models"
      },
      {
        "code": "path-resource",
        "value": "input/operations"
      },
      {
        "code": "path-resource",
        "value": "input/profiles"
      },
      {
        "code": "path-resource",
        "value": "input/resources"
      },
      {
        "code": "path-resource",
        "value": "input/vocabulary"
      },
      {
        "code": "path-resource",
        "value": "input/maps"
      },
      {
        "code": "path-resource",
        "value": "input/testing"
      },
      {
        "code": "path-resource",
        "value": "input/history"
      },
      {
        "code": "path-resource",
        "value": "fsh-generated/resources"
      },
      {
        "code": "path-pages",
        "value": "template/config"
      },
      {
        "code": "path-pages",
        "value": "input/images"
      },
      {
        "code": "path-tx-cache",
        "value": "input-cache/txcache"
      }
    ]
  }
}