{
  "resourceType": "Organization",
  "id": "LOC-100002580-Zentiva",
  "text": {
    "status": "generated",
    "div": "<div xmlns=\"http://www.w3.org/1999/xhtml\"><p><b>Generated Narrative: Organization</b><a name=\"LOC-100002580-Zentiva\"> </a></p><div style=\"display: inline-block; background-color: #d9e0e7; padding: 6px; margin: 4px; border: 1px solid #8da1b4; border-radius: 5px; line-height: 60%\"><p style=\"margin-bottom: 0px\">Resource Organization &quot;LOC-100002580-Zentiva&quot; </p></div><p><b>identifier</b>: id: LOC-100002580</p><p><b>name</b>: Zentiva k.s.</p></div>"
  },
  "identifier": [
    {
      "system": "https://spor.ema.europa.eu/v1/locations",
      "value": "LOC-100002580"
    }
  ],
  "name": "Zentiva k.s."
}