{
  "resourceType": "ValueSet",
  "id": "domain-vs",
  "text": {
    "status": "generated",
    "div": "<div xmlns=\"http://www.w3.org/1999/xhtml\"><ul><li>Include all codes defined in <a href=\"CodeSystem-domain-ema-cs.html\"><code>https://spor.ema.europa.eu/v1/lists/100000000004</code></a></li></ul></div>"
  },
  "url": "http://unicom-project.eu/fhir/ValueSet/domain-vs",
  "version": "0.1.0",
  "name": "Domain",
  "title": "Domain",
  "status": "active",
  "date": "2022-11-21T10:47:26+00:00",
  "publisher": "UNICOM",
  "contact": [
    {
      "name": "UNICOM",
      "telecom": [
        {
          "system": "url",
          "value": "http://medigree.net"
        }
      ]
    }
  ],
  "description": "Domain of the medicinal product. EMA SPOR RMS list.",
  "compose": {
    "include": [
      {
        "system": "https://spor.ema.europa.eu/v1/lists/100000000004"
      }
    ]
  }
}