{
  "resourceType": "AdministrableProductDefinition",
  "id": "Cefuroxime-MIP-1500mg-EE-APD",
  "meta": {
    "profile": [
      "http://unicom-project.eu/fhir/StructureDefinition/PPLAdministrableProductDefinition"
    ]
  },
  "text": {
    "status": "generated",
    "div": "<div xmlns=\"http://www.w3.org/1999/xhtml\"><p><b>Generated Narrative: AdministrableProductDefinition</b><a name=\"Cefuroxime-MIP-1500mg-EE-APD\"> </a></p><div style=\"display: inline-block; background-color: #d9e0e7; padding: 6px; margin: 4px; border: 1px solid #8da1b4; border-radius: 5px; line-height: 60%\"><p style=\"margin-bottom: 0px\">Resource AdministrableProductDefinition \"Cefuroxime-MIP-1500mg-EE-APD\" </p><p style=\"margin-bottom: 0px\">Profile: <a href=\"StructureDefinition-PPLAdministrableProductDefinition.html\">PPL Administrable Product profile</a></p></div><p><b>status</b>: active</p><p><b>formOf</b>: <a href=\"MedicinalProductDefinition-Cefuroxime-MIP-1500mg-EE-MPD.html\">MedicinalProductDefinition/Cefuroxime-MIP-1500mg-EE-MPD</a></p><p><b>administrableDoseForm</b>: Solution for injection/infusion <span style=\"background: LightGoldenRodYellow; margin: 4px; border: 1px solid khaki\"> (terms#100000074038)</span></p><p><b>unitOfPresentation</b>: Vial <span style=\"background: LightGoldenRodYellow; margin: 4px; border: 1px solid khaki\"> (terms#200000002158)</span></p><p><b>producedFrom</b>: <a href=\"ManufacturedItemDefinition-Cefuroxime-MIP-1500mg-EE-MID.html\">ManufacturedItemDefinition/Cefuroxime-MIP-1500mg-EE-MID</a></p><blockquote><p><b>routeOfAdministration</b></p><p><b>code</b>: Intramuscular use <span style=\"background: LightGoldenRodYellow; margin: 4px; border: 1px solid khaki\"> (terms#100000073600)</span></p></blockquote><blockquote><p><b>routeOfAdministration</b></p><p><b>code</b>: Intravenous use <span style=\"background: LightGoldenRodYellow; margin: 4px; border: 1px solid khaki\"> (terms#100000073611)</span></p></blockquote></div>"
  },
  "status": "active",
  "formOf": [
    {
      "reference": "MedicinalProductDefinition/Cefuroxime-MIP-1500mg-EE-MPD"
    }
  ],
  "administrableDoseForm": {
    "coding": [
      {
        "system": "https://spor.ema.europa.eu/rmswi/#/lists/200000000004/terms",
        "code": "100000074038",
        "display": "Solution for injection/infusion"
      }
    ]
  },
  "unitOfPresentation": {
    "coding": [
      {
        "system": "https://spor.ema.europa.eu/rmswi/#/lists/200000000014/terms",
        "code": "200000002158",
        "display": "Vial"
      }
    ]
  },
  "producedFrom": [
    {
      "reference": "ManufacturedItemDefinition/Cefuroxime-MIP-1500mg-EE-MID"
    }
  ],
  "routeOfAdministration": [
    {
      "code": {
        "coding": [
          {
            "system": "https://spor.ema.europa.eu/rmswi/#/lists/100000073345/terms",
            "code": "100000073600",
            "display": "Intramuscular use"
          }
        ]
      }
    },
    {
      "code": {
        "coding": [
          {
            "system": "https://spor.ema.europa.eu/rmswi/#/lists/100000073345/terms",
            "code": "100000073611",
            "display": "Intravenous use"
          }
        ]
      }
    }
  ]
}